-- ============================================================
-- Cath Health Group - Revenue Cycle Analysis
-- Analyst: Shaniah Edwards | MBA Business Analytics
-- Database: MySQL 8.0+ compatible
-- Fiscal Year: 2024
-- ============================================================
-- Run this file in MySQL Workbench or via:
--   mysql -u username -p database_name < cath_health_revenue_cycle.sql
-- ============================================================

SET FOREIGN_KEY_CHECKS = 0;

-- SCHEMA AND SEED DATA
-- ============================================================

-- Drop tables if exist
DROP TABLE IF EXISTS claims;
DROP TABLE IF EXISTS providers;
DROP TABLE IF EXISTS payers;
DROP TABLE IF EXISTS procedures;

-- PROVIDERS ──────────────────────────────────────────────
CREATE TABLE providers (
    provider_id   INT NOT NULL AUTO_INCREMENT PRIMARY KEY,
    provider_name VARCHAR(255) NOT NULL,
    specialty     VARCHAR(100) NOT NULL,
    npi           VARCHAR(20),
    `active`        TINYINT DEFAULT 1
);

-- PAYERS ─────────────────────────────────────────────────
CREATE TABLE payers (
    payer_id      INT NOT NULL AUTO_INCREMENT PRIMARY KEY,
    payer_name    VARCHAR(100) NOT NULL,
    payer_type    VARCHAR(50),
    contract_rate DECIMAL(5,2)
);

-- PROCEDURES ─────────────────────────────────────────────
CREATE TABLE procedures (
    proc_code       VARCHAR(20) NOT NULL PRIMARY KEY,
    `description`     VARCHAR(255) NOT NULL,
    rvu             DECIMAL(6,2),
    standard_charge DECIMAL(10,2)
);

-- CLAIMS ─────────────────────────────────────────────────
CREATE TABLE claims (
    claim_id          INT NOT NULL PRIMARY KEY,
    provider_id       INT,
    payer_id          INT,
    proc_code         VARCHAR(20),
    service_date      DATE NOT NULL,
    submit_date       DATE,
    payment_date      DATE,
    charge_amount     DECIMAL(10,2) NOT NULL,
    payment_amount    DECIMAL(10,2) DEFAULT 0,
    adjustment_amount DECIMAL(10,2) DEFAULT 0,
    `status`            ENUM('Paid','Denied','Pending'),
    denial_reason     VARCHAR(255),
    ar_days           INT,
    FOREIGN KEY (provider_id) REFERENCES providers(provider_id),
    FOREIGN KEY (payer_id)    REFERENCES payers(payer_id),
    FOREIGN KEY (proc_code)   REFERENCES procedures(proc_code)
);

-- SEED PROVIDERS ─────────────────────────────────────────
INSERT INTO providers VALUES (1,'Dr. Amara Osei','Primary Care','1234567891',1);
INSERT INTO providers VALUES (2,'Dr. James Whitfield','Primary Care','1234567892',1);
INSERT INTO providers VALUES (3,'Dr. Sofia Reyes','Cardiology','1234567893',1);
INSERT INTO providers VALUES (4,'Dr. Nathan Clarke','Cardiology','1234567894',1);
INSERT INTO providers VALUES (5,'Dr. Priya Mehta','Orthopedics','1234567895',1);
INSERT INTO providers VALUES (6,'Dr. Leo Fuentes','Orthopedics','1234567896',1);
INSERT INTO providers VALUES (7,'Dr. Keisha Barnett','Behavioral Health','1234567897',1);
INSERT INTO providers VALUES (8,'Dr. Marcus Tran','Behavioral Health','1234567898',1);

-- SEED PAYERS ────────────────────────────────────────────
INSERT INTO payers VALUES (1,'Medicare','Government',0.92);
INSERT INTO payers VALUES (2,'Medicaid','Government',0.78);
INSERT INTO payers VALUES (3,'Blue Cross','Commercial',0.88);
INSERT INTO payers VALUES (4,'Self-Pay','Patient',0.32);

-- SEED PROCEDURES ────────────────────────────────────────
INSERT INTO procedures VALUES ('99213','Office Visit Level 3',1.3,120);
INSERT INTO procedures VALUES ('99214','Office Visit Level 4',1.92,180);
INSERT INTO procedures VALUES ('99395','Preventive Visit Adult',2.12,220);
INSERT INTO procedures VALUES ('99396','Preventive Visit 40-64',2.33,240);
INSERT INTO procedures VALUES ('93000','Electrocardiogram',0.61,85);
INSERT INTO procedures VALUES ('93306','Echocardiogram Complete',4.51,850);
INSERT INTO procedures VALUES ('93025','Microvolt T-Wave Test',3.22,420);
INSERT INTO procedures VALUES ('27447','Total Knee Replacement',20.1,8500);
INSERT INTO procedures VALUES ('29881','Knee Arthroscopy',7.8,2800);
INSERT INTO procedures VALUES ('20610','Joint Aspiration/Injection',1.37,320);
INSERT INTO procedures VALUES ('90834','Psychotherapy 45min',1.5,150);
INSERT INTO procedures VALUES ('90837','Psychotherapy 60min',2.0,200);
INSERT INTO procedures VALUES ('90791','Psychiatric Evaluation',3.24,320);

-- SEED CLAIMS ────────────────────────────────────────────

INSERT INTO claims VALUES (1000,2,1,'99395','2024-05-05','2024-05-07','2024-07-03',220,194.55,25.45,'Paid',NULL,57);
INSERT INTO claims VALUES (1001,2,2,'99213','2024-01-16','2024-01-18','2024-03-06',120,89.13,30.87,'Paid',NULL,48);
INSERT INTO claims VALUES (1002,4,3,'93025','2024-04-22','2024-04-27','2024-06-21',420,363.8,56.2,'Paid',NULL,55);
INSERT INTO claims VALUES (1003,3,3,'99213','2024-05-22','2024-05-24','2024-06-29',180,145.79,34.21,'Paid',NULL,36);
INSERT INTO claims VALUES (1004,2,1,'99395','2024-06-25','2024-06-26','2024-08-24',220,191.14,28.86,'Paid',NULL,59);
INSERT INTO claims VALUES (1005,7,1,'90791','2024-11-17','2024-11-22',NULL,320,0,0,'Pending',NULL,39);
INSERT INTO claims VALUES (1006,4,3,'93000','2024-04-29','2024-05-03','2024-06-05',85,71.53,13.47,'Paid',NULL,33);
INSERT INTO claims VALUES (1007,6,1,'29881','2024-04-17','2024-04-18','2024-06-07',2800,2319.78,480.22,'Paid',NULL,50);
INSERT INTO claims VALUES (1008,4,1,'93025','2024-05-18','2024-05-20','2024-07-21',420,379.11,40.89,'Paid',NULL,62);
INSERT INTO claims VALUES (1009,1,1,'99213','2024-06-10','2024-06-13','2024-08-20',120,109.25,10.75,'Paid',NULL,68);
INSERT INTO claims VALUES (1010,6,1,'20610','2024-07-21','2024-07-23','2024-09-23',320,267.78,52.22,'Paid',NULL,62);
INSERT INTO claims VALUES (1011,5,3,'20610','2024-10-25','2024-10-28','2024-12-25',320,281.52,38.48,'Paid',NULL,58);
INSERT INTO claims VALUES (1012,8,1,'90834','2024-02-26','2024-02-28','2024-04-14',150,128.43,21.57,'Paid',NULL,46);
INSERT INTO claims VALUES (1013,2,2,'99396','2024-09-27','2024-10-02','2024-11-30',240,164.99,75.01,'Paid',NULL,59);
INSERT INTO claims VALUES (1014,2,3,'99395','2024-11-24','2024-11-25',NULL,220,0,0,'Pending',NULL,36);
INSERT INTO claims VALUES (1015,1,4,'99395','2024-09-13','2024-09-18','2024-11-11',220,69.31,150.69,'Paid',NULL,54);
INSERT INTO claims VALUES (1016,5,3,'27447','2024-03-19','2024-03-21','2024-05-16',8500,7281.3,1218.7,'Paid',NULL,56);
INSERT INTO claims VALUES (1017,1,2,'99396','2024-01-10','2024-01-13','2024-03-03',240,183.42,56.58,'Paid',NULL,50);
INSERT INTO claims VALUES (1018,5,1,'27447','2024-10-17','2024-10-18','2024-11-25',8500,7647.36,852.64,'Paid',NULL,38);
INSERT INTO claims VALUES (1019,3,1,'93025','2024-10-08','2024-10-11','2024-11-17',420,368.16,51.84,'Paid',NULL,37);
INSERT INTO claims VALUES (1020,4,3,'93306','2024-06-08','2024-06-11','2024-08-02',850,704.7,145.3,'Paid',NULL,52);
INSERT INTO claims VALUES (1021,2,1,'99213','2024-06-22','2024-06-27','2024-08-10',120,104.95,15.05,'Paid',NULL,44);
INSERT INTO claims VALUES (1022,1,1,'99213','2024-04-27','2024-04-28','2024-06-14',120,98.09,21.91,'Paid',NULL,47);
INSERT INTO claims VALUES (1023,4,1,'93025','2024-04-19','2024-04-21','2024-06-21',420,380.95,39.05,'Paid',NULL,61);
INSERT INTO claims VALUES (1024,8,2,'99213','2024-07-27','2024-07-28',NULL,150,0,0,'Denied','Patient Not Eligible',156);
INSERT INTO claims VALUES (1025,6,3,'20610','2024-01-28','2024-01-29','2024-03-08',320,259.27,60.73,'Paid',NULL,39);
INSERT INTO claims VALUES (1026,2,1,'99214','2024-10-01','2024-10-03','2024-12-13',180,151.26,28.74,'Paid',NULL,71);
INSERT INTO claims VALUES (1027,4,3,'93000','2024-08-14','2024-08-15',NULL,85,0,0,'Denied','Prior Authorization Required',138);
INSERT INTO claims VALUES (1028,2,4,'99214','2024-03-26','2024-03-30','2024-06-07',180,56.66,123.34,'Paid',NULL,69);
INSERT INTO claims VALUES (1029,1,1,'99213','2024-07-18','2024-07-22','2024-09-19',120,106.38,13.62,'Paid',NULL,59);
INSERT INTO claims VALUES (1030,8,1,'90791','2024-04-21','2024-04-26','2024-06-05',320,261.23,58.77,'Paid',NULL,40);
INSERT INTO claims VALUES (1031,6,1,'20610','2024-09-14','2024-09-16',NULL,320,0,0,'Denied','Duplicate Claim',106);
INSERT INTO claims VALUES (1032,3,1,'93000','2024-12-11','2024-12-15',NULL,85,0,0,'Pending',NULL,16);
INSERT INTO claims VALUES (1033,4,2,'93000','2024-11-13','2024-11-17','2024-12-19',85,62.84,22.16,'Paid',NULL,32);
INSERT INTO claims VALUES (1034,6,4,'27447','2024-12-08','2024-12-10',NULL,8500,0,0,'Pending',NULL,21);
INSERT INTO claims VALUES (1035,5,3,'99213','2024-01-05','2024-01-10','2024-03-12',180,158.33,21.67,'Paid',NULL,62);
INSERT INTO claims VALUES (1036,2,2,'99395','2024-03-08','2024-03-09','2024-05-13',220,158.62,61.38,'Paid',NULL,65);
INSERT INTO claims VALUES (1037,3,1,'99213','2024-11-09','2024-11-10',NULL,180,0,0,'Pending',NULL,51);
INSERT INTO claims VALUES (1038,2,4,'99214','2024-05-15','2024-05-16','2024-07-05',180,51.76,128.24,'Paid',NULL,50);
INSERT INTO claims VALUES (1039,5,3,'29881','2024-04-14','2024-04-19','2024-06-07',2800,2436.01,363.99,'Paid',NULL,49);
INSERT INTO claims VALUES (1040,1,1,'99396','2024-05-21','2024-05-22','2024-07-06',240,197.77,42.23,'Paid',NULL,45);
INSERT INTO claims VALUES (1041,5,1,'20610','2024-10-09','2024-10-14',NULL,320,0,0,'Denied','Duplicate Claim',78);
INSERT INTO claims VALUES (1042,3,2,'99213','2024-10-25','2024-10-27','2024-12-28',180,124.26,55.74,'Paid',NULL,62);
INSERT INTO claims VALUES (1043,6,4,'99213','2024-07-02','2024-07-04','2024-08-19',180,53.13,126.87,'Paid',NULL,46);
INSERT INTO claims VALUES (1044,7,4,'90837','2024-05-01','2024-05-03','2024-06-19',200,56.51,143.49,'Paid',NULL,47);
INSERT INTO claims VALUES (1045,6,3,'20610','2024-12-08','2024-12-11',NULL,320,0,0,'Pending',NULL,20);
INSERT INTO claims VALUES (1046,7,4,'99213','2024-04-23','2024-04-27','2024-06-15',150,46.97,103.03,'Paid',NULL,49);
INSERT INTO claims VALUES (1047,4,1,'93306','2024-07-23','2024-07-26','2024-09-12',850,778.89,71.11,'Paid',NULL,48);
INSERT INTO claims VALUES (1048,5,2,'20610','2024-12-13','2024-12-16',NULL,320,0,0,'Pending',NULL,15);
INSERT INTO claims VALUES (1049,5,1,'29881','2024-01-20','2024-01-25','2024-03-04',2800,2492.09,307.91,'Paid',NULL,39);
INSERT INTO claims VALUES (1050,6,3,'99213','2024-07-16','2024-07-19',NULL,180,0,0,'Denied','Service Not Covered',165);
INSERT INTO claims VALUES (1051,1,2,'99214','2024-07-05','2024-07-06','2024-09-14',180,139.07,40.93,'Paid',NULL,70);
INSERT INTO claims VALUES (1052,6,3,'99213','2024-06-02','2024-06-05','2024-08-09',180,145.59,34.41,'Paid',NULL,65);
INSERT INTO claims VALUES (1053,5,3,'27447','2024-08-03','2024-08-05','2024-10-01',8500,6852.53,1647.47,'Paid',NULL,57);
INSERT INTO claims VALUES (1054,1,1,'99214','2024-08-08','2024-08-12','2024-10-14',180,159.15,20.85,'Paid',NULL,63);
INSERT INTO claims VALUES (1055,8,4,'90837','2024-12-03','2024-12-06',NULL,200,0,0,'Pending',NULL,25);
INSERT INTO claims VALUES (1056,6,1,'27447','2024-12-10','2024-12-12',NULL,8500,0,0,'Pending',NULL,19);
INSERT INTO claims VALUES (1057,1,1,'99396','2024-11-08','2024-11-12','2024-12-29',240,210.99,29.01,'Paid',NULL,47);
INSERT INTO claims VALUES (1058,4,3,'93025','2024-09-10','2024-09-12','2024-11-03',420,355.75,64.25,'Paid',NULL,52);
INSERT INTO claims VALUES (1059,2,3,'99214','2024-03-31','2024-04-04',NULL,180,0,0,'Denied','Patient Not Eligible',271);
INSERT INTO claims VALUES (1060,2,2,'99396','2024-12-07','2024-12-12',NULL,240,0,0,'Pending',NULL,19);
INSERT INTO claims VALUES (1061,8,3,'99213','2024-10-07','2024-10-09','2024-12-13',150,123.68,26.32,'Paid',NULL,65);
INSERT INTO claims VALUES (1062,5,3,'29881','2024-09-23','2024-09-25','2024-11-28',2800,2191.23,608.77,'Paid',NULL,64);
INSERT INTO claims VALUES (1063,5,1,'29881','2024-06-12','2024-06-13','2024-08-19',2800,2338.37,461.63,'Paid',NULL,67);
INSERT INTO claims VALUES (1064,3,3,'93000','2024-07-31','2024-08-03','2024-09-25',85,69.56,15.44,'Paid',NULL,53);
INSERT INTO claims VALUES (1065,4,3,'93025','2024-10-26','2024-10-31','2024-11-28',420,325.51,94.49,'Paid',NULL,28);
INSERT INTO claims VALUES (1066,6,2,'20610','2024-08-02','2024-08-07','2024-10-13',320,246.54,73.46,'Paid',NULL,67);
INSERT INTO claims VALUES (1067,8,2,'99213','2024-09-05','2024-09-09','2024-10-17',150,112.5,37.5,'Paid',NULL,38);
INSERT INTO claims VALUES (1068,7,4,'99213','2024-03-06','2024-03-07','2024-05-17',150,45.65,104.35,'Paid',NULL,71);
INSERT INTO claims VALUES (1069,1,1,'99396','2024-03-10','2024-03-12',NULL,240,0,0,'Denied','Service Not Covered',294);
INSERT INTO claims VALUES (1070,6,1,'29881','2024-06-21','2024-06-24','2024-08-20',2800,2524.04,275.96,'Paid',NULL,57);
INSERT INTO claims VALUES (1071,5,3,'20610','2024-01-10','2024-01-11','2024-03-18',320,259.63,60.37,'Paid',NULL,67);
INSERT INTO claims VALUES (1072,2,3,'99213','2024-01-16','2024-01-18','2024-03-16',120,100.8,19.2,'Paid',NULL,58);
INSERT INTO claims VALUES (1073,4,1,'93000','2024-10-15','2024-10-19','2024-11-28',85,76.01,8.99,'Paid',NULL,40);
INSERT INTO claims VALUES (1074,3,2,'93000','2024-03-24','2024-03-25','2024-05-10',85,65.73,19.27,'Paid',NULL,46);
INSERT INTO claims VALUES (1075,7,2,'90837','2024-02-08','2024-02-09','2024-04-01',200,142.93,57.07,'Paid',NULL,52);
INSERT INTO claims VALUES (1076,2,3,'99213','2024-06-26','2024-06-30','2024-09-15',120,93.8,26.2,'Paid',NULL,77);
INSERT INTO claims VALUES (1077,6,1,'20610','2024-09-07','2024-09-11','2024-10-20',320,281.53,38.47,'Paid',NULL,39);
INSERT INTO claims VALUES (1078,8,4,'99213','2024-03-31','2024-04-03','2024-06-12',150,47.54,102.46,'Paid',NULL,70);
INSERT INTO claims VALUES (1079,8,2,'90791','2024-06-14','2024-06-15','2024-08-06',320,233.15,86.85,'Paid',NULL,52);
INSERT INTO claims VALUES (1080,8,3,'99213','2024-06-21','2024-06-25','2024-08-02',150,119.04,30.96,'Paid',NULL,38);
INSERT INTO claims VALUES (1081,4,1,'99213','2024-06-23','2024-06-28','2024-08-11',180,151.22,28.78,'Paid',NULL,44);
INSERT INTO claims VALUES (1082,1,2,'99214','2024-02-13','2024-02-17','2024-04-15',180,136.33,43.67,'Paid',NULL,58);
INSERT INTO claims VALUES (1083,8,3,'99213','2024-08-17','2024-08-18','2024-09-25',150,122.57,27.43,'Paid',NULL,38);
INSERT INTO claims VALUES (1084,4,1,'99213','2024-08-30','2024-09-04','2024-11-05',180,165.53,14.47,'Paid',NULL,62);
INSERT INTO claims VALUES (1085,6,2,'20610','2024-05-18','2024-05-21','2024-07-12',320,241.25,78.75,'Paid',NULL,52);
INSERT INTO claims VALUES (1086,6,1,'27447','2024-04-08','2024-04-12','2024-05-28',8500,7434.87,1065.13,'Paid',NULL,46);
INSERT INTO claims VALUES (1087,5,4,'27447','2024-05-31','2024-06-03','2024-07-20',8500,2398.22,6101.78,'Paid',NULL,47);
INSERT INTO claims VALUES (1088,3,1,'93000','2024-10-10','2024-10-12','2024-11-26',85,75.88,9.12,'Paid',NULL,45);
INSERT INTO claims VALUES (1089,2,3,'99395','2024-08-28','2024-09-01','2024-11-13',220,192.8,27.2,'Paid',NULL,73);
INSERT INTO claims VALUES (1090,5,4,'20610','2024-02-28','2024-03-03','2024-04-09',320,97.2,222.8,'Paid',NULL,37);
INSERT INTO claims VALUES (1091,1,1,'99395','2024-02-13','2024-02-14','2024-04-12',220,188.22,31.78,'Paid',NULL,58);
INSERT INTO claims VALUES (1092,4,3,'93025','2024-08-18','2024-08-21','2024-10-15',420,369.16,50.84,'Paid',NULL,55);
INSERT INTO claims VALUES (1093,5,3,'99213','2024-11-08','2024-11-10','2024-12-19',180,144.42,35.58,'Paid',NULL,39);
INSERT INTO claims VALUES (1094,2,1,'99214','2024-10-09','2024-10-11',NULL,180,0,0,'Denied','Coordination of Benefits',81);
INSERT INTO claims VALUES (1095,8,2,'90837','2024-05-27','2024-05-31',NULL,200,0,0,'Denied','Duplicate Claim',214);
INSERT INTO claims VALUES (1096,5,3,'27447','2024-08-05','2024-08-10','2024-09-19',8500,6716.13,1783.87,'Paid',NULL,40);
INSERT INTO claims VALUES (1097,5,3,'99213','2024-01-31','2024-02-03','2024-03-17',180,155.06,24.94,'Paid',NULL,43);
INSERT INTO claims VALUES (1098,5,3,'20610','2024-12-18','2024-12-22',NULL,320,0,0,'Pending',NULL,9);
INSERT INTO claims VALUES (1099,8,2,'90834','2024-08-09','2024-08-14','2024-10-10',150,104.24,45.76,'Paid',NULL,57);
INSERT INTO claims VALUES (1100,1,4,'99395','2024-10-22','2024-10-24','2024-12-08',220,67.46,152.54,'Paid',NULL,45);
INSERT INTO claims VALUES (1101,5,1,'20610','2024-11-21','2024-11-22',NULL,320,0,0,'Pending',NULL,39);
INSERT INTO claims VALUES (1102,6,3,'27447','2024-06-17','2024-06-21','2024-08-19',8500,7430.81,1069.19,'Paid',NULL,59);
INSERT INTO claims VALUES (1103,1,2,'99395','2024-05-09','2024-05-10','2024-07-12',220,159.33,60.67,'Paid',NULL,63);
INSERT INTO claims VALUES (1104,1,3,'99396','2024-07-30','2024-08-01','2024-09-16',240,201.64,38.36,'Paid',NULL,46);
INSERT INTO claims VALUES (1105,8,3,'90834','2024-04-14','2024-04-19',NULL,150,0,0,'Denied','Invalid Diagnosis Code',256);
INSERT INTO claims VALUES (1106,8,4,'99213','2024-03-03','2024-03-08','2024-04-15',150,46.33,103.67,'Paid',NULL,38);
INSERT INTO claims VALUES (1107,5,3,'20610','2024-02-17','2024-02-18','2024-04-05',320,251.78,68.22,'Paid',NULL,47);
INSERT INTO claims VALUES (1108,3,1,'99213','2024-09-17','2024-09-21','2024-11-04',180,165.21,14.79,'Paid',NULL,44);
INSERT INTO claims VALUES (1109,4,1,'93306','2024-07-15','2024-07-20','2024-08-28',850,770.68,79.32,'Paid',NULL,39);
INSERT INTO claims VALUES (1110,2,1,'99396','2024-06-23','2024-06-26','2024-09-09',240,201.8,38.2,'Paid',NULL,75);
INSERT INTO claims VALUES (1111,5,3,'20610','2024-03-17','2024-03-22','2024-05-22',320,259.04,60.96,'Paid',NULL,61);
INSERT INTO claims VALUES (1112,7,2,'90791','2024-04-06','2024-04-11','2024-06-02',320,245.29,74.71,'Paid',NULL,52);
INSERT INTO claims VALUES (1113,7,1,'99213','2024-12-27','2024-12-31',NULL,150,0,0,'Pending',NULL,0);
INSERT INTO claims VALUES (1114,3,1,'93000','2024-03-05','2024-03-10','2024-05-08',85,69.76,15.24,'Paid',NULL,59);
INSERT INTO claims VALUES (1115,8,1,'99213','2024-01-08','2024-01-12','2024-02-27',150,137.5,12.5,'Paid',NULL,46);
INSERT INTO claims VALUES (1116,2,2,'99395','2024-06-22','2024-06-23','2024-08-30',220,168.56,51.44,'Paid',NULL,68);
INSERT INTO claims VALUES (1117,7,4,'99213','2024-10-04','2024-10-09',NULL,150,0,0,'Denied','Invalid Diagnosis Code',83);
INSERT INTO claims VALUES (1118,4,3,'93025','2024-02-20','2024-02-24','2024-03-28',420,338.53,81.47,'Paid',NULL,33);
INSERT INTO claims VALUES (1119,1,1,'99213','2024-05-30','2024-06-02','2024-08-06',120,100.39,19.61,'Paid',NULL,65);
INSERT INTO claims VALUES (1120,7,3,'90837','2024-03-28','2024-03-29','2024-05-16',200,162.96,37.04,'Paid',NULL,48);
INSERT INTO claims VALUES (1121,4,1,'93306','2024-04-28','2024-05-01','2024-06-26',850,750.74,99.26,'Paid',NULL,56);
INSERT INTO claims VALUES (1122,8,4,'90837','2024-02-07','2024-02-10','2024-04-15',200,58.62,141.38,'Paid',NULL,65);
INSERT INTO claims VALUES (1123,7,3,'99213','2024-06-03','2024-06-07','2024-07-26',150,117.85,32.15,'Paid',NULL,49);
INSERT INTO claims VALUES (1124,7,3,'90791','2024-12-24','2024-12-25',NULL,320,0,0,'Pending',NULL,6);
INSERT INTO claims VALUES (1125,5,1,'99213','2024-11-06','2024-11-09',NULL,180,0,0,'Pending',NULL,52);
INSERT INTO claims VALUES (1126,6,1,'27447','2024-11-13','2024-11-15',NULL,8500,0,0,'Pending',NULL,46);
INSERT INTO claims VALUES (1127,1,1,'99396','2024-01-18','2024-01-20','2024-03-26',240,202.12,37.88,'Paid',NULL,66);
INSERT INTO claims VALUES (1128,7,1,'90837','2024-10-03','2024-10-08','2024-12-07',200,167.94,32.06,'Paid',NULL,60);
INSERT INTO claims VALUES (1129,3,1,'93025','2024-05-31','2024-06-01','2024-07-19',420,343.52,76.48,'Paid',NULL,48);
INSERT INTO claims VALUES (1130,4,3,'93025','2024-10-12','2024-10-13','2024-12-02',420,325.87,94.13,'Paid',NULL,50);
INSERT INTO claims VALUES (1131,2,2,'99395','2024-10-26','2024-10-29',NULL,220,0,0,'Denied','Patient Not Eligible',63);
INSERT INTO claims VALUES (1132,8,1,'90791','2024-11-08','2024-11-09','2024-12-30',320,275.47,44.53,'Paid',NULL,51);
INSERT INTO claims VALUES (1133,5,3,'99213','2024-03-12','2024-03-13','2024-04-17',180,148.76,31.24,'Paid',NULL,35);
INSERT INTO claims VALUES (1134,2,1,'99214','2024-07-17','2024-07-20','2024-09-30',180,160.5,19.5,'Paid',NULL,72);
INSERT INTO claims VALUES (1135,7,3,'90837','2024-07-31','2024-08-04','2024-09-16',200,174.71,25.29,'Paid',NULL,43);
INSERT INTO claims VALUES (1136,5,1,'29881','2024-04-21','2024-04-25','2024-06-25',2800,2531.32,268.68,'Paid',NULL,61);
INSERT INTO claims VALUES (1137,2,4,'99395','2024-10-05','2024-10-06','2024-12-10',220,63.56,156.44,'Paid',NULL,65);
INSERT INTO claims VALUES (1138,2,4,'99396','2024-02-16','2024-02-21','2024-04-17',240,68.05,171.95,'Paid',NULL,56);
INSERT INTO claims VALUES (1139,6,1,'27447','2024-10-16','2024-10-17','2024-12-02',8500,7401.67,1098.33,'Paid',NULL,46);
INSERT INTO claims VALUES (1140,4,3,'93306','2024-06-17','2024-06-22',NULL,850,0,0,'Denied','Invalid Diagnosis Code',192);
INSERT INTO claims VALUES (1141,3,2,'93306','2024-02-26','2024-02-28',NULL,850,0,0,'Denied','Patient Not Eligible',307);
INSERT INTO claims VALUES (1142,6,1,'29881','2024-01-27','2024-01-31','2024-03-12',2800,2497.38,302.62,'Paid',NULL,41);
INSERT INTO claims VALUES (1143,8,2,'90791','2024-09-19','2024-09-23','2024-11-05',320,247.97,72.03,'Paid',NULL,43);
INSERT INTO claims VALUES (1144,1,3,'99395','2024-08-22','2024-08-23','2024-10-06',220,190.05,29.95,'Paid',NULL,44);
INSERT INTO claims VALUES (1145,7,3,'99213','2024-12-30','2024-12-31',NULL,150,0,0,'Pending',NULL,0);
INSERT INTO claims VALUES (1146,3,1,'99213','2024-11-15','2024-11-18',NULL,180,0,0,'Pending',NULL,43);
INSERT INTO claims VALUES (1147,5,3,'20610','2024-02-20','2024-02-25','2024-04-05',320,255.07,64.93,'Paid',NULL,40);
INSERT INTO claims VALUES (1148,8,4,'99213','2024-06-22','2024-06-26','2024-08-31',150,42.79,107.21,'Paid',NULL,66);
INSERT INTO claims VALUES (1149,7,2,'90791','2024-07-10','2024-07-14',NULL,320,0,0,'Denied','Prior Authorization Required',170);
INSERT INTO claims VALUES (1150,2,2,'99395','2024-03-07','2024-03-08','2024-05-25',220,162.57,57.43,'Paid',NULL,78);
INSERT INTO claims VALUES (1151,6,3,'20610','2024-06-30','2024-07-01','2024-08-30',320,268.1,51.9,'Paid',NULL,60);
INSERT INTO claims VALUES (1152,6,1,'27447','2024-03-20','2024-03-22','2024-05-24',8500,7210.15,1289.85,'Paid',NULL,63);
INSERT INTO claims VALUES (1153,6,1,'29881','2024-10-20','2024-10-24','2024-12-10',2800,2568.13,231.87,'Paid',NULL,47);
INSERT INTO claims VALUES (1154,1,3,'99395','2024-01-15','2024-01-18','2024-03-12',220,177.55,42.45,'Paid',NULL,54);
INSERT INTO claims VALUES (1155,6,2,'27447','2024-03-14','2024-03-15',NULL,8500,0,0,'Denied','Prior Authorization Required',291);
INSERT INTO claims VALUES (1156,2,3,'99214','2024-07-11','2024-07-15','2024-09-22',180,146.43,33.57,'Paid',NULL,69);
INSERT INTO claims VALUES (1157,6,3,'99213','2024-01-27','2024-01-29','2024-03-11',180,140.34,39.66,'Paid',NULL,42);
INSERT INTO claims VALUES (1158,2,1,'99396','2024-09-05','2024-09-09','2024-11-19',240,214.31,25.69,'Paid',NULL,71);
INSERT INTO claims VALUES (1159,2,1,'99213','2024-05-25','2024-05-30','2024-08-12',120,97.75,22.25,'Paid',NULL,74);
INSERT INTO claims VALUES (1160,7,4,'90834','2024-01-04','2024-01-07','2024-02-26',150,46.66,103.34,'Paid',NULL,50);
INSERT INTO claims VALUES (1161,5,2,'99213','2024-01-04','2024-01-08','2024-03-12',180,129.96,50.04,'Paid',NULL,64);
INSERT INTO claims VALUES (1162,4,1,'99213','2024-02-06','2024-02-07','2024-03-30',180,154.86,25.14,'Paid',NULL,52);
INSERT INTO claims VALUES (1163,2,3,'99396','2024-10-20','2024-10-24','2024-12-31',240,196.12,43.88,'Paid',NULL,68);
INSERT INTO claims VALUES (1164,6,1,'20610','2024-12-19','2024-12-20',NULL,320,0,0,'Pending',NULL,11);
INSERT INTO claims VALUES (1165,7,3,'90834','2024-07-21','2024-07-24','2024-09-18',150,128.5,21.5,'Paid',NULL,56);
INSERT INTO claims VALUES (1166,2,2,'99213','2024-09-28','2024-09-30','2024-12-14',120,86.29,33.71,'Paid',NULL,75);
INSERT INTO claims VALUES (1167,3,1,'93306','2024-05-11','2024-05-13','2024-06-21',850,759.5,90.5,'Paid',NULL,39);
INSERT INTO claims VALUES (1168,2,1,'99396','2024-08-25','2024-08-30','2024-11-09',240,220.44,19.56,'Paid',NULL,71);
INSERT INTO claims VALUES (1169,6,4,'29881','2024-03-18','2024-03-19','2024-05-19',2800,856.37,1943.63,'Paid',NULL,61);
INSERT INTO claims VALUES (1170,5,3,'29881','2024-09-16','2024-09-19','2024-10-26',2800,2179.44,620.56,'Paid',NULL,37);
INSERT INTO claims VALUES (1171,6,3,'99213','2024-11-26','2024-12-01',NULL,180,0,0,'Pending',NULL,30);
INSERT INTO claims VALUES (1172,1,2,'99214','2024-06-13','2024-06-18','2024-08-30',180,124.59,55.41,'Paid',NULL,73);
INSERT INTO claims VALUES (1173,2,3,'99395','2024-02-13','2024-02-15',NULL,220,0,0,'Denied','Coordination of Benefits',320);
INSERT INTO claims VALUES (1174,8,3,'90837','2024-07-05','2024-07-08','2024-09-06',200,171.24,28.76,'Paid',NULL,60);
INSERT INTO claims VALUES (1175,1,3,'99395','2024-02-03','2024-02-04','2024-04-08',220,179.35,40.65,'Paid',NULL,64);
INSERT INTO claims VALUES (1176,5,3,'27447','2024-06-19','2024-06-24','2024-08-01',8500,7405.27,1094.73,'Paid',NULL,38);
INSERT INTO claims VALUES (1177,5,4,'20610','2024-03-07','2024-03-10','2024-04-17',320,98.02,221.98,'Paid',NULL,38);
INSERT INTO claims VALUES (1178,6,3,'99213','2024-11-26','2024-12-01',NULL,180,0,0,'Pending',NULL,30);
INSERT INTO claims VALUES (1179,3,3,'99213','2024-09-05','2024-09-07','2024-10-16',180,142.34,37.66,'Paid',NULL,39);
INSERT INTO claims VALUES (1180,5,3,'99213','2024-09-16','2024-09-21',NULL,180,0,0,'Denied','Missing Documentation',101);
INSERT INTO claims VALUES (1181,3,2,'93306','2024-03-24','2024-03-29','2024-05-06',850,596.61,253.39,'Paid',NULL,38);
INSERT INTO claims VALUES (1182,8,1,'90791','2024-12-12','2024-12-16',NULL,320,0,0,'Pending',NULL,15);
INSERT INTO claims VALUES (1183,8,2,'90837','2024-06-07','2024-06-09','2024-08-15',200,155.01,44.99,'Paid',NULL,67);
INSERT INTO claims VALUES (1184,8,2,'90791','2024-07-14','2024-07-19','2024-09-26',320,224.5,95.5,'Paid',NULL,69);
INSERT INTO claims VALUES (1185,4,3,'93306','2024-05-08','2024-05-12','2024-06-11',850,708.02,141.98,'Paid',NULL,30);
INSERT INTO claims VALUES (1186,2,3,'99213','2024-05-25','2024-05-27','2024-07-14',120,104.4,15.6,'Paid',NULL,48);
INSERT INTO claims VALUES (1187,3,3,'93000','2024-04-23','2024-04-26','2024-06-20',85,69.55,15.45,'Paid',NULL,55);
INSERT INTO claims VALUES (1188,7,3,'90837','2024-07-16','2024-07-19','2024-08-30',200,161.61,38.39,'Paid',NULL,42);
INSERT INTO claims VALUES (1189,2,3,'99395','2024-03-15','2024-03-16','2024-05-06',220,189.65,30.35,'Paid',NULL,51);
INSERT INTO claims VALUES (1190,3,3,'93025','2024-08-17','2024-08-18',NULL,420,0,0,'Denied','Patient Not Eligible',135);
INSERT INTO claims VALUES (1191,3,2,'93025','2024-02-26','2024-02-28','2024-04-13',420,290.17,129.83,'Paid',NULL,45);
INSERT INTO claims VALUES (1192,7,3,'99213','2024-02-02','2024-02-06','2024-03-21',150,116.42,33.58,'Paid',NULL,44);
INSERT INTO claims VALUES (1193,4,3,'99213','2024-08-07','2024-08-12','2024-09-08',180,150.24,29.76,'Paid',NULL,27);
INSERT INTO claims VALUES (1194,3,3,'93000','2024-09-25','2024-09-26','2024-11-15',85,70.71,14.29,'Paid',NULL,50);
INSERT INTO claims VALUES (1195,1,2,'99396','2024-01-23','2024-01-26','2024-04-02',240,165.1,74.9,'Paid',NULL,67);
INSERT INTO claims VALUES (1196,2,1,'99213','2024-10-24','2024-10-26',NULL,120,0,0,'Denied','Missing Documentation',66);
INSERT INTO claims VALUES (1197,3,3,'93025','2024-12-22','2024-12-24',NULL,420,0,0,'Pending',NULL,7);
INSERT INTO claims VALUES (1198,8,1,'90837','2024-01-23','2024-01-24','2024-03-13',200,168.77,31.23,'Paid',NULL,49);
INSERT INTO claims VALUES (1199,7,4,'99213','2024-05-09','2024-05-11','2024-06-19',150,47.21,102.79,'Paid',NULL,39);
INSERT INTO claims VALUES (1200,1,3,'99395','2024-05-19','2024-05-22','2024-07-11',220,179.66,40.34,'Paid',NULL,50);
INSERT INTO claims VALUES (1201,8,4,'99213','2024-06-22','2024-06-26','2024-08-13',150,44.36,105.64,'Paid',NULL,48);
INSERT INTO claims VALUES (1202,5,3,'20610','2024-02-10','2024-02-15','2024-04-15',320,253.91,66.09,'Paid',NULL,60);
INSERT INTO claims VALUES (1203,5,2,'99213','2024-06-16','2024-06-19','2024-08-09',180,135.64,44.36,'Paid',NULL,51);
INSERT INTO claims VALUES (1204,3,3,'99213','2024-08-16','2024-08-19','2024-09-17',180,147.66,32.34,'Paid',NULL,29);
INSERT INTO claims VALUES (1205,1,1,'99396','2024-07-05','2024-07-07','2024-09-20',240,198.09,41.91,'Paid',NULL,75);
INSERT INTO claims VALUES (1206,8,1,'90834','2024-04-30','2024-05-03','2024-07-02',150,130.83,19.17,'Paid',NULL,60);
INSERT INTO claims VALUES (1207,3,3,'99213','2024-07-09','2024-07-10','2024-09-03',180,149.46,30.54,'Paid',NULL,55);
INSERT INTO claims VALUES (1208,7,2,'90791','2024-05-07','2024-05-08','2024-06-21',320,234.6,85.4,'Paid',NULL,44);
INSERT INTO claims VALUES (1209,7,4,'90834','2024-05-14','2024-05-18','2024-07-10',150,45.76,104.24,'Paid',NULL,53);
INSERT INTO claims VALUES (1210,8,2,'90837','2024-02-07','2024-02-09','2024-04-14',200,145.61,54.39,'Paid',NULL,65);
INSERT INTO claims VALUES (1211,2,3,'99395','2024-12-07','2024-12-08',NULL,220,0,0,'Pending',NULL,23);
INSERT INTO claims VALUES (1212,5,3,'27447','2024-07-04','2024-07-06','2024-09-09',8500,6762.8,1737.2,'Paid',NULL,65);
INSERT INTO claims VALUES (1213,3,1,'93025','2024-01-14','2024-01-19','2024-03-09',420,361.7,58.3,'Paid',NULL,50);
INSERT INTO claims VALUES (1214,3,2,'93000','2024-02-03','2024-02-07','2024-03-24',85,64.06,20.94,'Paid',NULL,46);
INSERT INTO claims VALUES (1215,7,4,'90834','2024-03-05','2024-03-06','2024-05-02',150,46.16,103.84,'Paid',NULL,57);
INSERT INTO claims VALUES (1216,6,1,'27447','2024-03-07','2024-03-12','2024-05-11',8500,6933.6,1566.4,'Paid',NULL,60);
INSERT INTO claims VALUES (1217,2,2,'99395','2024-03-25','2024-03-28','2024-05-20',220,155.65,64.35,'Paid',NULL,53);
INSERT INTO claims VALUES (1218,5,3,'29881','2024-04-10','2024-04-13','2024-06-20',2800,2257.86,542.14,'Paid',NULL,68);
INSERT INTO claims VALUES (1219,2,2,'99214','2024-10-30','2024-11-01','2024-12-23',180,135.69,44.31,'Paid',NULL,52);
INSERT INTO claims VALUES (1220,6,3,'99213','2024-01-15','2024-01-16','2024-02-23',180,154.05,25.95,'Paid',NULL,38);
INSERT INTO claims VALUES (1221,5,3,'20610','2024-11-12','2024-11-16','2024-12-20',320,266.24,53.76,'Paid',NULL,34);
INSERT INTO claims VALUES (1222,5,3,'20610','2024-06-01','2024-06-02','2024-08-03',320,253.15,66.85,'Paid',NULL,62);
INSERT INTO claims VALUES (1223,7,3,'90837','2024-06-23','2024-06-26','2024-08-11',200,161.62,38.38,'Paid',NULL,46);
INSERT INTO claims VALUES (1224,6,4,'27447','2024-07-08','2024-07-13','2024-09-16',8500,2472.5,6027.5,'Paid',NULL,65);
INSERT INTO claims VALUES (1225,2,1,'99214','2024-03-13','2024-03-14','2024-05-02',180,153.36,26.64,'Paid',NULL,49);
INSERT INTO claims VALUES (1226,7,2,'90837','2024-06-16','2024-06-18','2024-08-14',200,146.61,53.39,'Paid',NULL,57);
INSERT INTO claims VALUES (1227,8,3,'90791','2024-09-11','2024-09-12','2024-10-20',320,264.89,55.11,'Paid',NULL,38);
INSERT INTO claims VALUES (1228,4,1,'99213','2024-01-25','2024-01-28','2024-02-27',180,163.26,16.74,'Paid',NULL,30);
INSERT INTO claims VALUES (1229,8,2,'90834','2024-02-25','2024-02-27','2024-05-01',150,113.17,36.83,'Paid',NULL,64);
INSERT INTO claims VALUES (1230,7,2,'99213','2024-01-27','2024-01-29','2024-04-10',150,107.01,42.99,'Paid',NULL,72);
INSERT INTO claims VALUES (1231,7,3,'90791','2024-11-15','2024-11-17','2024-12-31',320,261.12,58.88,'Paid',NULL,44);
INSERT INTO claims VALUES (1232,6,3,'29881','2024-03-14','2024-03-19','2024-05-03',2800,2316.18,483.82,'Paid',NULL,45);
INSERT INTO claims VALUES (1233,1,1,'99395','2024-08-30','2024-09-03','2024-11-18',220,199.8,20.2,'Paid',NULL,76);
INSERT INTO claims VALUES (1234,3,1,'99213','2024-03-24','2024-03-29','2024-05-20',180,151.67,28.33,'Paid',NULL,52);
INSERT INTO claims VALUES (1235,6,3,'20610','2024-12-28','2025-01-01',NULL,320,0,0,'Pending',NULL,-1);
INSERT INTO claims VALUES (1236,2,4,'99395','2024-12-18','2024-12-23',NULL,220,0,0,'Pending',NULL,8);
INSERT INTO claims VALUES (1237,4,3,'93025','2024-03-28','2024-04-02','2024-06-01',420,342.11,77.89,'Paid',NULL,60);
INSERT INTO claims VALUES (1238,4,1,'93000','2024-04-07','2024-04-11','2024-05-09',85,70.24,14.76,'Paid',NULL,28);
INSERT INTO claims VALUES (1239,4,1,'93025','2024-02-01','2024-02-06','2024-03-12',420,355.1,64.9,'Paid',NULL,35);
INSERT INTO claims VALUES (1240,8,3,'90791','2024-03-29','2024-04-03','2024-06-08',320,259.78,60.22,'Paid',NULL,66);
INSERT INTO claims VALUES (1241,5,3,'27447','2024-05-06','2024-05-11','2024-06-30',8500,7427.48,1072.52,'Paid',NULL,50);
INSERT INTO claims VALUES (1242,5,3,'27447','2024-12-19','2024-12-22',NULL,8500,0,0,'Pending',NULL,9);
INSERT INTO claims VALUES (1243,5,2,'20610','2024-07-21','2024-07-23','2024-09-16',320,228.26,91.74,'Paid',NULL,55);
INSERT INTO claims VALUES (1244,2,1,'99396','2024-12-01','2024-12-05',NULL,240,0,0,'Pending',NULL,26);
INSERT INTO claims VALUES (1245,5,4,'29881','2024-03-11','2024-03-16','2024-04-24',2800,814.21,1985.79,'Paid',NULL,39);
INSERT INTO claims VALUES (1246,1,3,'99214','2024-11-22','2024-11-23',NULL,180,0,0,'Pending',NULL,38);
INSERT INTO claims VALUES (1247,8,1,'90837','2024-01-03','2024-01-05','2024-03-17',200,182.57,17.43,'Paid',NULL,72);
INSERT INTO claims VALUES (1248,8,2,'90837','2024-05-27','2024-05-30','2024-07-26',200,154.28,45.72,'Paid',NULL,57);
INSERT INTO claims VALUES (1249,2,3,'99214','2024-09-30','2024-10-02','2024-11-16',180,155.31,24.69,'Paid',NULL,45);
INSERT INTO claims VALUES (1250,1,4,'99396','2024-09-10','2024-09-13','2024-11-06',240,67.67,172.33,'Paid',NULL,54);
INSERT INTO claims VALUES (1251,2,4,'99395','2024-05-25','2024-05-30','2024-08-10',220,69.46,150.54,'Paid',NULL,72);
INSERT INTO claims VALUES (1252,3,3,'93025','2024-05-19','2024-05-20','2024-06-28',420,357.67,62.33,'Paid',NULL,39);
INSERT INTO claims VALUES (1253,5,3,'99213','2024-06-21','2024-06-26','2024-08-16',180,143.06,36.94,'Paid',NULL,51);
INSERT INTO claims VALUES (1254,7,4,'90791','2024-02-14','2024-02-15','2024-04-17',320,91.84,228.16,'Paid',NULL,62);
INSERT INTO claims VALUES (1255,6,4,'99213','2024-05-13','2024-05-15','2024-07-11',180,52.53,127.47,'Paid',NULL,57);
INSERT INTO claims VALUES (1256,6,2,'99213','2024-05-13','2024-05-15',NULL,180,0,0,'Denied','Duplicate Claim',230);
INSERT INTO claims VALUES (1257,8,2,'99213','2024-12-17','2024-12-20',NULL,150,0,0,'Pending',NULL,11);
INSERT INTO claims VALUES (1258,5,2,'27447','2024-04-22','2024-04-26',NULL,8500,0,0,'Denied','Missing Documentation',249);
INSERT INTO claims VALUES (1259,7,4,'99213','2024-10-02','2024-10-04','2024-11-23',150,45.67,104.33,'Paid',NULL,50);
INSERT INTO claims VALUES (1260,2,2,'99395','2024-02-09','2024-02-10','2024-03-31',220,169.6,50.4,'Paid',NULL,50);
INSERT INTO claims VALUES (1261,4,2,'93306','2024-03-25','2024-03-30','2024-05-16',850,637.56,212.44,'Paid',NULL,47);
INSERT INTO claims VALUES (1262,8,1,'99213','2024-01-29','2024-01-31','2024-04-06',150,129.0,21.0,'Paid',NULL,66);
INSERT INTO claims VALUES (1263,1,2,'99395','2024-01-12','2024-01-15','2024-03-23',220,166.37,53.63,'Paid',NULL,68);
INSERT INTO claims VALUES (1264,2,1,'99395','2024-12-24','2024-12-29',NULL,220,0,0,'Pending',NULL,2);
INSERT INTO claims VALUES (1265,2,4,'99396','2024-01-17','2024-01-21','2024-03-22',240,68.83,171.17,'Paid',NULL,61);
INSERT INTO claims VALUES (1266,7,2,'99213','2024-08-17','2024-08-21',NULL,150,0,0,'Denied','Duplicate Claim',132);
INSERT INTO claims VALUES (1267,6,1,'20610','2024-09-27','2024-09-29','2024-11-09',320,285.79,34.21,'Paid',NULL,41);
INSERT INTO claims VALUES (1268,5,3,'20610','2024-09-29','2024-10-01','2024-11-27',320,259.51,60.49,'Paid',NULL,57);
INSERT INTO claims VALUES (1269,5,1,'99213','2024-01-17','2024-01-22','2024-03-21',180,163.29,16.71,'Paid',NULL,59);
INSERT INTO claims VALUES (1270,1,1,'99213','2024-02-21','2024-02-25','2024-04-10',120,106.47,13.53,'Paid',NULL,45);
INSERT INTO claims VALUES (1271,1,1,'99213','2024-07-24','2024-07-26','2024-10-05',120,107.15,12.85,'Paid',NULL,71);
INSERT INTO claims VALUES (1272,1,1,'99395','2024-04-29','2024-05-04','2024-07-06',220,194.45,25.55,'Paid',NULL,63);
INSERT INTO claims VALUES (1273,6,1,'27447','2024-12-04','2024-12-06',NULL,8500,0,0,'Pending',NULL,25);
INSERT INTO claims VALUES (1274,3,2,'93025','2024-10-11','2024-10-12','2024-12-09',420,325.3,94.7,'Paid',NULL,58);
INSERT INTO claims VALUES (1275,7,4,'90791','2024-12-22','2024-12-26',NULL,320,0,0,'Pending',NULL,5);
INSERT INTO claims VALUES (1276,8,2,'90837','2024-06-02','2024-06-06','2024-07-22',200,147.81,52.19,'Paid',NULL,46);
INSERT INTO claims VALUES (1277,7,3,'90837','2024-07-17','2024-07-20','2024-09-10',200,168.54,31.46,'Paid',NULL,52);
INSERT INTO claims VALUES (1278,8,4,'90834','2024-10-01','2024-10-02','2024-11-20',150,46.12,103.88,'Paid',NULL,49);
INSERT INTO claims VALUES (1279,1,3,'99214','2024-10-27','2024-10-29',NULL,180,0,0,'Pending',NULL,63);
INSERT INTO claims VALUES (1280,6,2,'99213','2024-04-18','2024-04-19','2024-06-03',180,136.26,43.74,'Paid',NULL,45);
INSERT INTO claims VALUES (1281,4,3,'93306','2024-07-22','2024-07-27','2024-09-07',850,683.65,166.35,'Paid',NULL,42);
INSERT INTO claims VALUES (1282,8,3,'90791','2024-06-06','2024-06-09','2024-08-01',320,264.61,55.39,'Paid',NULL,53);
INSERT INTO claims VALUES (1283,2,3,'99396','2024-06-12','2024-06-15','2024-08-10',240,187.01,52.99,'Paid',NULL,56);
INSERT INTO claims VALUES (1284,4,3,'93000','2024-05-13','2024-05-18','2024-07-19',85,69.57,15.43,'Paid',NULL,62);
INSERT INTO claims VALUES (1285,3,1,'93306','2024-07-13','2024-07-17','2024-08-28',850,776.69,73.31,'Paid',NULL,42);
INSERT INTO claims VALUES (1286,6,1,'20610','2024-11-24','2024-11-28',NULL,320,0,0,'Pending',NULL,33);
INSERT INTO claims VALUES (1287,3,1,'93025','2024-04-04','2024-04-05','2024-06-05',420,378.94,41.06,'Paid',NULL,61);
INSERT INTO claims VALUES (1288,2,4,'99213','2024-01-04','2024-01-06','2024-03-15',120,34.86,85.14,'Paid',NULL,69);
INSERT INTO claims VALUES (1289,3,1,'93025','2024-07-10','2024-07-15','2024-08-14',420,383.34,36.66,'Paid',NULL,30);
INSERT INTO claims VALUES (1290,8,3,'90834','2024-01-04','2024-01-09','2024-03-20',150,116.42,33.58,'Paid',NULL,71);
INSERT INTO claims VALUES (1291,5,3,'29881','2024-01-09','2024-01-13','2024-03-18',2800,2437.32,362.68,'Paid',NULL,65);
INSERT INTO claims VALUES (1292,2,4,'99214','2024-05-03','2024-05-08','2024-07-02',180,56.32,123.68,'Paid',NULL,55);
INSERT INTO claims VALUES (1293,5,3,'99213','2024-07-10','2024-07-14','2024-09-10',180,158.21,21.79,'Paid',NULL,58);
INSERT INTO claims VALUES (1294,4,1,'93000','2024-11-30','2024-12-01','2024-12-30',85,72.36,12.64,'Paid',NULL,29);
INSERT INTO claims VALUES (1295,8,1,'90834','2024-12-25','2024-12-26',NULL,150,0,0,'Pending',NULL,5);
INSERT INTO claims VALUES (1296,6,3,'99213','2024-09-27','2024-09-29','2024-11-03',180,155.89,24.11,'Paid',NULL,35);
INSERT INTO claims VALUES (1297,8,2,'90834','2024-12-16','2024-12-21',NULL,150,0,0,'Pending',NULL,10);
INSERT INTO claims VALUES (1298,6,1,'27447','2024-10-27','2024-10-31','2024-12-12',8500,7162.44,1337.56,'Paid',NULL,42);
INSERT INTO claims VALUES (1299,4,2,'93025','2024-12-12','2024-12-15',NULL,420,0,0,'Pending',NULL,16);
INSERT INTO claims VALUES (1300,2,2,'99395','2024-01-28','2024-02-01','2024-03-21',220,152.57,67.43,'Paid',NULL,49);
INSERT INTO claims VALUES (1301,7,4,'90791','2024-01-16','2024-01-20','2024-03-14',320,94.48,225.52,'Paid',NULL,54);
INSERT INTO claims VALUES (1302,7,2,'99213','2024-02-13','2024-02-15','2024-04-10',150,104.11,45.89,'Paid',NULL,55);
INSERT INTO claims VALUES (1303,3,1,'93306','2024-07-18','2024-07-21','2024-09-06',850,688.65,161.35,'Paid',NULL,47);
INSERT INTO claims VALUES (1304,5,3,'29881','2024-02-22','2024-02-23','2024-04-04',2800,2301.03,498.97,'Paid',NULL,41);
INSERT INTO claims VALUES (1305,7,1,'90834','2024-06-30','2024-07-01','2024-09-11',150,134.43,15.57,'Paid',NULL,72);
INSERT INTO claims VALUES (1306,7,1,'99213','2024-07-17','2024-07-22','2024-09-02',150,137.64,12.36,'Paid',NULL,42);
INSERT INTO claims VALUES (1307,3,3,'93306','2024-03-12','2024-03-15','2024-04-28',850,671.34,178.66,'Paid',NULL,44);
INSERT INTO claims VALUES (1308,3,1,'93025','2024-06-02','2024-06-03','2024-07-30',420,383.81,36.19,'Paid',NULL,57);
INSERT INTO claims VALUES (1309,8,3,'90837','2024-08-22','2024-08-24','2024-10-06',200,174.92,25.08,'Paid',NULL,43);
INSERT INTO claims VALUES (1310,6,3,'20610','2024-06-17','2024-06-20','2024-08-20',320,275.64,44.36,'Paid',NULL,61);
INSERT INTO claims VALUES (1311,3,1,'93306','2024-09-02','2024-09-04','2024-10-21',850,779.07,70.93,'Paid',NULL,47);
INSERT INTO claims VALUES (1312,5,3,'20610','2024-10-21','2024-10-24','2024-12-11',320,275.4,44.6,'Paid',NULL,48);
INSERT INTO claims VALUES (1313,7,2,'90837','2024-10-30','2024-11-01',NULL,200,0,0,'Pending',NULL,60);
INSERT INTO claims VALUES (1314,8,4,'90837','2024-08-12','2024-08-13','2024-10-07',200,62.43,137.57,'Paid',NULL,55);
INSERT INTO claims VALUES (1315,7,3,'90837','2024-11-20','2024-11-22',NULL,200,0,0,'Pending',NULL,39);
INSERT INTO claims VALUES (1316,7,4,'90834','2024-08-17','2024-08-22','2024-10-28',150,45.16,104.84,'Paid',NULL,67);
INSERT INTO claims VALUES (1317,7,3,'90791','2024-12-25','2024-12-30',NULL,320,0,0,'Pending',NULL,1);
INSERT INTO claims VALUES (1318,4,3,'99213','2024-03-26','2024-03-31','2024-04-29',180,152.27,27.73,'Paid',NULL,29);
INSERT INTO claims VALUES (1319,7,4,'90791','2024-08-08','2024-08-09','2024-09-21',320,92.84,227.16,'Paid',NULL,43);
INSERT INTO claims VALUES (1320,4,1,'93025','2024-08-25','2024-08-27','2024-10-25',420,341.17,78.83,'Paid',NULL,59);
INSERT INTO claims VALUES (1321,2,1,'99213','2024-02-29','2024-03-03','2024-04-24',120,103.18,16.82,'Paid',NULL,52);
INSERT INTO claims VALUES (1322,4,2,'99213','2024-08-31','2024-09-04','2024-10-07',180,131.17,48.83,'Paid',NULL,33);
INSERT INTO claims VALUES (1323,2,1,'99213','2024-01-12','2024-01-13','2024-03-17',120,99.33,20.67,'Paid',NULL,64);
INSERT INTO claims VALUES (1324,4,1,'93306','2024-06-18','2024-06-22','2024-08-23',850,709.92,140.08,'Paid',NULL,62);
INSERT INTO claims VALUES (1325,7,3,'90837','2024-11-23','2024-11-27',NULL,200,0,0,'Denied','Duplicate Claim',34);
INSERT INTO claims VALUES (1326,8,3,'99213','2024-01-03','2024-01-05','2024-02-24',150,127.31,22.69,'Paid',NULL,50);
INSERT INTO claims VALUES (1327,2,2,'99214','2024-07-06','2024-07-08','2024-09-09',180,127.97,52.03,'Paid',NULL,63);
INSERT INTO claims VALUES (1328,8,3,'90791','2024-11-01','2024-11-06',NULL,320,0,0,'Pending',NULL,55);
INSERT INTO claims VALUES (1329,6,3,'27447','2024-12-10','2024-12-15',NULL,8500,0,0,'Pending',NULL,16);
INSERT INTO claims VALUES (1330,6,1,'29881','2024-02-29','2024-03-03','2024-04-16',2800,2424.79,375.21,'Paid',NULL,44);
INSERT INTO claims VALUES (1331,7,3,'99213','2024-08-04','2024-08-08','2024-09-25',150,127.14,22.86,'Paid',NULL,48);
INSERT INTO claims VALUES (1332,3,2,'93025','2024-05-27','2024-05-29','2024-07-03',420,306.02,113.98,'Paid',NULL,35);
INSERT INTO claims VALUES (1333,1,3,'99213','2024-09-05','2024-09-07','2024-10-28',120,105.14,14.86,'Paid',NULL,51);
INSERT INTO claims VALUES (1334,8,2,'99213','2024-07-31','2024-08-04',NULL,150,0,0,'Denied','Prior Authorization Required',149);
INSERT INTO claims VALUES (1335,4,1,'99213','2024-04-25','2024-04-28','2024-06-28',180,154.82,25.18,'Paid',NULL,61);
INSERT INTO claims VALUES (1336,8,3,'90834','2024-10-20','2024-10-23','2024-12-06',150,129.2,20.8,'Paid',NULL,44);
INSERT INTO claims VALUES (1337,6,3,'99213','2024-08-13','2024-08-15','2024-10-21',180,141.34,38.66,'Paid',NULL,67);
INSERT INTO claims VALUES (1338,4,1,'93000','2024-08-18','2024-08-21','2024-10-03',85,69.63,15.37,'Paid',NULL,43);
INSERT INTO claims VALUES (1339,2,3,'99214','2024-04-17','2024-04-22','2024-06-26',180,142.55,37.45,'Paid',NULL,65);
INSERT INTO claims VALUES (1340,3,3,'93306','2024-01-31','2024-02-05','2024-03-25',850,706.6,143.4,'Paid',NULL,49);
INSERT INTO claims VALUES (1341,6,4,'29881','2024-05-28','2024-06-02','2024-07-22',2800,861.52,1938.48,'Paid',NULL,50);
INSERT INTO claims VALUES (1342,2,1,'99396','2024-01-31','2024-02-02','2024-04-02',240,197.82,42.18,'Paid',NULL,60);
INSERT INTO claims VALUES (1343,3,3,'93306','2024-12-12','2024-12-16',NULL,850,0,0,'Pending',NULL,15);
INSERT INTO claims VALUES (1344,7,2,'90834','2024-11-20','2024-11-24',NULL,150,0,0,'Pending',NULL,37);
INSERT INTO claims VALUES (1345,6,3,'20610','2024-06-16','2024-06-17','2024-07-20',320,263.3,56.7,'Paid',NULL,33);
INSERT INTO claims VALUES (1346,6,3,'20610','2024-04-21','2024-04-23','2024-06-22',320,258.72,61.28,'Paid',NULL,60);
INSERT INTO claims VALUES (1347,5,2,'27447','2024-10-16','2024-10-19','2024-12-22',8500,6440.85,2059.15,'Paid',NULL,64);
INSERT INTO claims VALUES (1348,1,1,'99396','2024-01-09','2024-01-11','2024-03-01',240,194.32,45.68,'Paid',NULL,50);
INSERT INTO claims VALUES (1349,7,2,'90837','2024-11-28','2024-11-30',NULL,200,0,0,'Pending',NULL,31);
INSERT INTO claims VALUES (1350,2,3,'99395','2024-02-12','2024-02-14',NULL,220,0,0,'Denied','Timely Filing Exceeded',321);
INSERT INTO claims VALUES (1351,4,1,'93000','2024-12-26','2024-12-27',NULL,85,0,0,'Pending',NULL,4);
INSERT INTO claims VALUES (1352,4,1,'93025','2024-01-05','2024-01-08','2024-02-04',420,385.85,34.15,'Paid',NULL,27);
INSERT INTO claims VALUES (1353,7,3,'99213','2024-02-06','2024-02-10',NULL,150,0,0,'Denied','Prior Authorization Required',325);
INSERT INTO claims VALUES (1354,2,1,'99395','2024-03-11','2024-03-13','2024-05-19',220,194.56,25.44,'Paid',NULL,67);
INSERT INTO claims VALUES (1355,2,2,'99213','2024-11-08','2024-11-12',NULL,120,0,0,'Pending',NULL,49);
INSERT INTO claims VALUES (1356,3,3,'93025','2024-04-21','2024-04-22','2024-05-24',420,330.71,89.29,'Paid',NULL,32);
INSERT INTO claims VALUES (1357,7,2,'99213','2024-06-10','2024-06-12','2024-07-27',150,104.14,45.86,'Paid',NULL,45);
INSERT INTO claims VALUES (1358,5,3,'99213','2024-12-03','2024-12-05',NULL,180,0,0,'Pending',NULL,26);
INSERT INTO claims VALUES (1359,7,2,'90834','2024-05-02','2024-05-06',NULL,150,0,0,'Denied','Patient Not Eligible',239);
INSERT INTO claims VALUES (1360,2,2,'99213','2024-07-03','2024-07-05','2024-09-06',120,91.79,28.21,'Paid',NULL,63);
INSERT INTO claims VALUES (1361,7,2,'90837','2024-08-29','2024-08-30','2024-10-10',200,137.54,62.46,'Paid',NULL,41);
INSERT INTO claims VALUES (1362,4,1,'93000','2024-07-22','2024-07-25','2024-09-22',85,73.52,11.48,'Paid',NULL,59);
INSERT INTO claims VALUES (1363,7,2,'99213','2024-02-12','2024-02-17','2024-04-28',150,106.86,43.14,'Paid',NULL,71);
INSERT INTO claims VALUES (1364,5,1,'27447','2024-03-20','2024-03-23','2024-05-29',8500,7476.82,1023.18,'Paid',NULL,67);
INSERT INTO claims VALUES (1365,2,1,'99396','2024-05-02','2024-05-04','2024-06-19',240,205.82,34.18,'Paid',NULL,46);
INSERT INTO claims VALUES (1366,8,3,'90834','2024-06-07','2024-06-08',NULL,150,0,0,'Denied','Duplicate Claim',206);
INSERT INTO claims VALUES (1367,1,1,'99395','2024-09-24','2024-09-27','2024-12-12',220,181.19,38.81,'Paid',NULL,76);
INSERT INTO claims VALUES (1368,5,3,'99213','2024-01-16','2024-01-20','2024-03-14',180,140.61,39.39,'Paid',NULL,54);
INSERT INTO claims VALUES (1369,2,2,'99395','2024-01-29','2024-02-03','2024-04-17',220,154.25,65.75,'Paid',NULL,74);
INSERT INTO claims VALUES (1370,2,3,'99213','2024-04-26','2024-04-27',NULL,120,0,0,'Denied','Prior Authorization Required',248);
INSERT INTO claims VALUES (1371,4,1,'99213','2024-07-15','2024-07-17','2024-08-22',180,162.77,17.23,'Paid',NULL,36);
INSERT INTO claims VALUES (1372,7,2,'90837','2024-08-01','2024-08-04','2024-09-30',200,147.98,52.02,'Paid',NULL,57);
INSERT INTO claims VALUES (1373,2,2,'99213','2024-04-01','2024-04-06','2024-06-02',120,93.08,26.92,'Paid',NULL,57);
INSERT INTO claims VALUES (1374,2,3,'99395','2024-06-08','2024-06-09','2024-08-11',220,170.55,49.45,'Paid',NULL,63);
INSERT INTO claims VALUES (1375,4,1,'99213','2024-11-14','2024-11-18','2024-12-30',180,165.04,14.96,'Paid',NULL,42);
INSERT INTO claims VALUES (1376,4,3,'93306','2024-03-18','2024-03-22',NULL,850,0,0,'Denied','Missing Documentation',284);
INSERT INTO claims VALUES (1377,1,4,'99213','2024-12-02','2024-12-05',NULL,120,0,0,'Pending',NULL,26);
INSERT INTO claims VALUES (1378,4,1,'93000','2024-03-13','2024-03-14',NULL,85,0,0,'Denied','Patient Not Eligible',292);
INSERT INTO claims VALUES (1379,7,4,'90791','2024-08-22','2024-08-27','2024-10-08',320,91.75,228.25,'Paid',NULL,42);
INSERT INTO claims VALUES (1380,7,1,'90834','2024-08-10','2024-08-12','2024-09-26',150,135.53,14.47,'Paid',NULL,45);
INSERT INTO claims VALUES (1381,7,4,'90791','2024-06-11','2024-06-14','2024-08-18',320,101.71,218.29,'Paid',NULL,65);
INSERT INTO claims VALUES (1382,3,3,'93000','2024-03-20','2024-03-22','2024-04-24',85,68.64,16.36,'Paid',NULL,33);
INSERT INTO claims VALUES (1383,2,2,'99214','2024-08-19','2024-08-23','2024-10-24',180,125.57,54.43,'Paid',NULL,62);
INSERT INTO claims VALUES (1384,3,3,'99213','2024-12-26','2024-12-28',NULL,180,0,0,'Pending',NULL,3);
INSERT INTO claims VALUES (1385,2,3,'99395','2024-07-21','2024-07-22','2024-10-05',220,176.41,43.59,'Paid',NULL,75);
INSERT INTO claims VALUES (1386,3,1,'93025','2024-08-19','2024-08-24','2024-10-25',420,361.46,58.54,'Paid',NULL,62);
INSERT INTO claims VALUES (1387,3,1,'93000','2024-04-23','2024-04-25','2024-05-30',85,72.31,12.69,'Paid',NULL,35);
INSERT INTO claims VALUES (1388,2,2,'99395','2024-02-08','2024-02-09','2024-03-24',220,164.31,55.69,'Paid',NULL,44);
INSERT INTO claims VALUES (1389,3,1,'99213','2024-03-03','2024-03-07',NULL,180,0,0,'Denied','Service Not Covered',299);
INSERT INTO claims VALUES (1390,7,3,'99213','2024-12-15','2024-12-17',NULL,150,0,0,'Pending',NULL,14);
INSERT INTO claims VALUES (1391,5,1,'27447','2024-01-18','2024-01-21','2024-03-09',8500,7710.0,790.0,'Paid',NULL,48);
INSERT INTO claims VALUES (1392,8,1,'90791','2024-07-15','2024-07-19','2024-09-02',320,290.33,29.67,'Paid',NULL,45);
INSERT INTO claims VALUES (1393,4,2,'93000','2024-07-14','2024-07-18','2024-09-05',85,62.2,22.8,'Paid',NULL,49);
INSERT INTO claims VALUES (1394,6,3,'27447','2024-01-14','2024-01-19','2024-03-12',8500,7386.44,1113.56,'Paid',NULL,53);
INSERT INTO claims VALUES (1395,5,1,'20610','2024-09-28','2024-10-03','2024-11-27',320,293.48,26.52,'Paid',NULL,55);
INSERT INTO claims VALUES (1396,2,1,'99214','2024-05-16','2024-05-17','2024-08-02',180,164.56,15.44,'Paid',NULL,77);
INSERT INTO claims VALUES (1397,7,2,'90837','2024-03-31','2024-04-05','2024-05-27',200,151.1,48.9,'Paid',NULL,52);
INSERT INTO claims VALUES (1398,6,4,'99213','2024-12-26','2024-12-31',NULL,180,0,0,'Pending',NULL,0);
INSERT INTO claims VALUES (1399,4,3,'93025','2024-10-04','2024-10-06','2024-11-21',420,329.25,90.75,'Paid',NULL,46);
INSERT INTO claims VALUES (1400,4,2,'93000','2024-09-26','2024-09-27','2024-11-23',85,63.23,21.77,'Paid',NULL,57);
INSERT INTO claims VALUES (1401,3,1,'93306','2024-06-14','2024-06-15','2024-07-15',850,754.29,95.71,'Paid',NULL,30);
INSERT INTO claims VALUES (1402,3,3,'99213','2024-02-07','2024-02-11','2024-04-01',180,145.79,34.21,'Paid',NULL,50);
INSERT INTO claims VALUES (1403,6,1,'27447','2024-08-11','2024-08-14','2024-10-17',8500,7790.67,709.33,'Paid',NULL,64);
INSERT INTO claims VALUES (1404,6,1,'27447','2024-07-12','2024-07-15','2024-09-05',8500,7565.53,934.47,'Paid',NULL,52);
INSERT INTO claims VALUES (1405,7,4,'90834','2024-04-03','2024-04-08','2024-06-04',150,45.5,104.5,'Paid',NULL,57);
INSERT INTO claims VALUES (1406,8,1,'90834','2024-05-01','2024-05-04','2024-07-02',150,136.1,13.9,'Paid',NULL,59);
INSERT INTO claims VALUES (1407,2,3,'99395','2024-08-16','2024-08-19','2024-10-01',220,186.47,33.53,'Paid',NULL,43);
INSERT INTO claims VALUES (1408,6,1,'99213','2024-01-01','2024-01-05','2024-02-10',180,154.07,25.93,'Paid',NULL,36);
INSERT INTO claims VALUES (1409,3,3,'93025','2024-07-12','2024-07-17','2024-09-04',420,362.01,57.99,'Paid',NULL,49);
INSERT INTO claims VALUES (1410,4,1,'93000','2024-01-18','2024-01-19','2024-03-04',85,77.75,7.25,'Paid',NULL,45);
INSERT INTO claims VALUES (1411,2,1,'99396','2024-03-23','2024-03-28','2024-05-14',240,220.22,19.78,'Paid',NULL,47);
INSERT INTO claims VALUES (1412,6,3,'20610','2024-12-26','2024-12-30',NULL,320,0,0,'Pending',NULL,1);
INSERT INTO claims VALUES (1413,7,1,'90834','2024-06-18','2024-06-20','2024-08-09',150,130.62,19.38,'Paid',NULL,50);
INSERT INTO claims VALUES (1414,5,3,'29881','2024-05-01','2024-05-02','2024-06-10',2800,2330.84,469.16,'Paid',NULL,39);
INSERT INTO claims VALUES (1415,8,1,'90791','2024-01-02','2024-01-03','2024-03-07',320,282.46,37.54,'Paid',NULL,64);
INSERT INTO claims VALUES (1416,8,1,'90834','2024-04-15','2024-04-18','2024-06-04',150,129.28,20.72,'Paid',NULL,47);
INSERT INTO claims VALUES (1417,2,1,'99396','2024-08-29','2024-09-01','2024-11-14',240,208.72,31.28,'Paid',NULL,74);
INSERT INTO claims VALUES (1418,3,1,'93025','2024-07-08','2024-07-12',NULL,420,0,0,'Denied','Coordination of Benefits',172);
INSERT INTO claims VALUES (1419,8,2,'90791','2024-10-15','2024-10-17','2024-11-26',320,239.64,80.36,'Paid',NULL,40);
INSERT INTO claims VALUES (1420,2,3,'99396','2024-10-28','2024-11-02',NULL,240,0,0,'Denied','Service Not Covered',59);
INSERT INTO claims VALUES (1421,7,4,'99213','2024-10-20','2024-10-24','2024-12-15',150,44.51,105.49,'Paid',NULL,52);
INSERT INTO claims VALUES (1422,1,2,'99214','2024-03-02','2024-03-04','2024-05-14',180,126.37,53.63,'Paid',NULL,71);
INSERT INTO claims VALUES (1423,4,3,'93306','2024-01-22','2024-01-23','2024-03-17',850,697.32,152.68,'Paid',NULL,54);
INSERT INTO claims VALUES (1424,3,3,'99213','2024-06-12','2024-06-13','2024-07-14',180,146.94,33.06,'Paid',NULL,31);
INSERT INTO claims VALUES (1425,6,3,'20610','2024-01-07','2024-01-11',NULL,320,0,0,'Denied','Invalid Diagnosis Code',355);
INSERT INTO claims VALUES (1426,3,2,'93000','2024-02-24','2024-02-27','2024-03-31',85,65.35,19.65,'Paid',NULL,33);
INSERT INTO claims VALUES (1427,7,2,'99213','2024-10-19','2024-10-20',NULL,150,0,0,'Denied','Patient Not Eligible',72);
INSERT INTO claims VALUES (1428,3,2,'93025','2024-01-20','2024-01-23','2024-03-15',420,290.23,129.77,'Paid',NULL,52);
INSERT INTO claims VALUES (1429,8,4,'90791','2024-01-11','2024-01-14','2024-03-12',320,100.47,219.53,'Paid',NULL,58);
INSERT INTO claims VALUES (1430,2,4,'99214','2024-03-09','2024-03-13','2024-05-14',180,52.91,127.09,'Paid',NULL,62);
INSERT INTO claims VALUES (1431,7,3,'90834','2024-04-06','2024-04-08','2024-06-12',150,122.61,27.39,'Paid',NULL,65);
INSERT INTO claims VALUES (1432,8,4,'90791','2024-01-29','2024-01-31',NULL,320,0,0,'Denied','Patient Not Eligible',335);
INSERT INTO claims VALUES (1433,3,3,'93000','2024-03-29','2024-03-31','2024-05-09',85,68.06,16.94,'Paid',NULL,39);
INSERT INTO claims VALUES (1434,8,1,'90791','2024-12-26','2024-12-29',NULL,320,0,0,'Pending',NULL,2);
INSERT INTO claims VALUES (1435,7,3,'90834','2024-12-14','2024-12-16',NULL,150,0,0,'Pending',NULL,15);
INSERT INTO claims VALUES (1436,3,4,'93025','2024-10-27','2024-10-30','2024-12-31',420,131.78,288.22,'Paid',NULL,62);
INSERT INTO claims VALUES (1437,5,3,'99213','2024-05-25','2024-05-29',NULL,180,0,0,'Denied','Patient Not Eligible',216);
INSERT INTO claims VALUES (1438,4,3,'93306','2024-05-17','2024-05-22',NULL,850,0,0,'Denied','Prior Authorization Required',223);
INSERT INTO claims VALUES (1439,8,4,'90837','2024-11-03','2024-11-05','2024-12-12',200,62.5,137.5,'Paid',NULL,37);
INSERT INTO claims VALUES (1440,5,3,'29881','2024-08-04','2024-08-07','2024-10-03',2800,2232.84,567.16,'Paid',NULL,57);
INSERT INTO claims VALUES (1441,5,3,'20610','2024-10-26','2024-10-27','2024-12-05',320,270.19,49.81,'Paid',NULL,39);
INSERT INTO claims VALUES (1442,6,3,'29881','2024-06-01','2024-06-05',NULL,2800,0,0,'Denied','Timely Filing Exceeded',209);
INSERT INTO claims VALUES (1443,6,4,'29881','2024-12-01','2024-12-03',NULL,2800,0,0,'Pending',NULL,28);
INSERT INTO claims VALUES (1444,1,3,'99396','2024-12-04','2024-12-06',NULL,240,0,0,'Pending',NULL,25);
INSERT INTO claims VALUES (1445,5,1,'20610','2024-07-26','2024-07-27','2024-09-22',320,294.21,25.79,'Paid',NULL,57);
INSERT INTO claims VALUES (1446,4,1,'93306','2024-12-17','2024-12-21',NULL,850,0,0,'Pending',NULL,10);
INSERT INTO claims VALUES (1447,5,3,'27447','2024-05-30','2024-06-03','2024-07-12',8500,6814.57,1685.43,'Paid',NULL,39);
INSERT INTO claims VALUES (1448,3,3,'99213','2024-12-01','2024-12-03',NULL,180,0,0,'Pending',NULL,28);
INSERT INTO claims VALUES (1449,5,3,'29881','2024-07-09','2024-07-14','2024-09-01',2800,2420.01,379.99,'Paid',NULL,49);
INSERT INTO claims VALUES (1450,8,1,'90834','2024-08-29','2024-09-03',NULL,150,0,0,'Denied','Patient Not Eligible',119);
INSERT INTO claims VALUES (1451,5,3,'27447','2024-03-11','2024-03-14','2024-04-28',8500,7093.5,1406.5,'Paid',NULL,45);
INSERT INTO claims VALUES (1452,8,1,'90837','2024-02-11','2024-02-14','2024-04-22',200,165.82,34.18,'Paid',NULL,68);
INSERT INTO claims VALUES (1453,1,1,'99395','2024-04-17','2024-04-22','2024-06-14',220,190.0,30.0,'Paid',NULL,53);
INSERT INTO claims VALUES (1454,2,1,'99396','2024-11-20','2024-11-24',NULL,240,0,0,'Pending',NULL,37);
INSERT INTO claims VALUES (1455,1,1,'99214','2024-07-10','2024-07-13','2024-08-25',180,156.28,23.72,'Paid',NULL,43);
INSERT INTO claims VALUES (1456,1,3,'99214','2024-04-25','2024-04-28','2024-07-02',180,146.68,33.32,'Paid',NULL,65);
INSERT INTO claims VALUES (1457,5,1,'99213','2024-06-01','2024-06-05','2024-07-26',180,157.58,22.42,'Paid',NULL,51);
INSERT INTO claims VALUES (1458,6,3,'27447','2024-06-24','2024-06-27','2024-08-30',8500,6730.4,1769.6,'Paid',NULL,64);
INSERT INTO claims VALUES (1459,7,1,'90837','2024-03-08','2024-03-09','2024-04-28',200,165.65,34.35,'Paid',NULL,50);
INSERT INTO claims VALUES (1460,6,3,'99213','2024-07-11','2024-07-16','2024-09-03',180,150.68,29.32,'Paid',NULL,49);
INSERT INTO claims VALUES (1461,1,3,'99213','2024-01-25','2024-01-29','2024-03-19',120,94.49,25.51,'Paid',NULL,50);
INSERT INTO claims VALUES (1462,5,3,'27447','2024-04-15','2024-04-18','2024-05-21',8500,6673.04,1826.96,'Paid',NULL,33);
INSERT INTO claims VALUES (1463,5,3,'27447','2024-08-02','2024-08-07','2024-09-15',8500,6688.08,1811.92,'Paid',NULL,39);
INSERT INTO claims VALUES (1464,2,3,'99396','2024-04-11','2024-04-14','2024-06-08',240,210.52,29.48,'Paid',NULL,55);
INSERT INTO claims VALUES (1465,6,3,'29881','2024-03-23','2024-03-28','2024-05-02',2800,2229.73,570.27,'Paid',NULL,35);
INSERT INTO claims VALUES (1466,8,2,'90834','2024-01-07','2024-01-08','2024-02-19',150,112.35,37.65,'Paid',NULL,42);
INSERT INTO claims VALUES (1467,3,3,'93000','2024-02-21','2024-02-23','2024-04-06',85,74.6,10.4,'Paid',NULL,43);
INSERT INTO claims VALUES (1468,5,3,'99213','2024-03-30','2024-04-02','2024-05-07',180,152.26,27.74,'Paid',NULL,35);
INSERT INTO claims VALUES (1469,7,4,'90834','2024-01-24','2024-01-26','2024-03-03',150,43.22,106.78,'Paid',NULL,37);
INSERT INTO claims VALUES (1470,6,4,'29881','2024-02-17','2024-02-20','2024-04-16',2800,831.57,1968.43,'Paid',NULL,56);
INSERT INTO claims VALUES (1471,8,2,'99213','2024-12-19','2024-12-23',NULL,150,0,0,'Pending',NULL,8);
INSERT INTO claims VALUES (1472,2,1,'99213','2024-03-22','2024-03-26','2024-05-14',120,103.55,16.45,'Paid',NULL,49);
INSERT INTO claims VALUES (1473,8,1,'99213','2024-07-02','2024-07-04','2024-08-11',150,129.52,20.48,'Paid',NULL,38);
INSERT INTO claims VALUES (1474,7,2,'90834','2024-05-13','2024-05-14','2024-07-10',150,112.48,37.52,'Paid',NULL,57);
INSERT INTO claims VALUES (1475,4,4,'99213','2024-09-22','2024-09-27','2024-11-26',180,55.26,124.74,'Paid',NULL,60);
INSERT INTO claims VALUES (1476,4,1,'93025','2024-03-17','2024-03-22',NULL,420,0,0,'Denied','Invalid Diagnosis Code',284);
INSERT INTO claims VALUES (1477,8,4,'90837','2024-02-08','2024-02-11','2024-04-19',200,63.77,136.23,'Paid',NULL,68);
INSERT INTO claims VALUES (1478,1,2,'99396','2024-07-25','2024-07-26','2024-09-22',240,182.74,57.26,'Paid',NULL,58);
INSERT INTO claims VALUES (1479,8,1,'99213','2024-08-16','2024-08-17','2024-10-13',150,133.78,16.22,'Paid',NULL,57);
INSERT INTO claims VALUES (1480,1,1,'99396','2024-01-19','2024-01-24',NULL,240,0,0,'Denied','Duplicate Claim',342);
INSERT INTO claims VALUES (1481,5,4,'27447','2024-12-01','2024-12-04',NULL,8500,0,0,'Pending',NULL,27);
INSERT INTO claims VALUES (1482,4,3,'99213','2024-10-13','2024-10-16','2024-12-12',180,141.56,38.44,'Paid',NULL,57);
INSERT INTO claims VALUES (1483,4,1,'99213','2024-11-20','2024-11-25',NULL,180,0,0,'Pending',NULL,36);
INSERT INTO claims VALUES (1484,1,3,'99396','2024-03-12','2024-03-13','2024-05-21',240,190.82,49.18,'Paid',NULL,69);
INSERT INTO claims VALUES (1485,2,4,'99396','2024-04-20','2024-04-22','2024-07-03',240,68.58,171.42,'Paid',NULL,72);
INSERT INTO claims VALUES (1486,7,1,'90834','2024-08-18','2024-08-23','2024-10-28',150,123.67,26.33,'Paid',NULL,66);
INSERT INTO claims VALUES (1487,8,1,'90834','2024-10-10','2024-10-15','2024-12-18',150,129.86,20.14,'Paid',NULL,64);
INSERT INTO claims VALUES (1488,3,3,'93306','2024-03-06','2024-03-10','2024-04-12',850,712.65,137.35,'Paid',NULL,33);
INSERT INTO claims VALUES (1489,6,3,'20610','2024-08-02','2024-08-05','2024-09-22',320,259.39,60.61,'Paid',NULL,48);
INSERT INTO claims VALUES (1490,5,3,'27447','2024-03-11','2024-03-16','2024-05-14',8500,7254.19,1245.81,'Paid',NULL,59);
INSERT INTO claims VALUES (1491,5,3,'29881','2024-12-30','2025-01-01',NULL,2800,0,0,'Pending',NULL,-1);
INSERT INTO claims VALUES (1492,5,3,'27447','2024-12-29','2025-01-03',NULL,8500,0,0,'Pending',NULL,-3);
INSERT INTO claims VALUES (1493,2,3,'99396','2024-10-25','2024-10-30',NULL,240,0,0,'Pending',NULL,62);
INSERT INTO claims VALUES (1494,1,2,'99213','2024-07-14','2024-07-15','2024-09-05',120,84.61,35.39,'Paid',NULL,52);
INSERT INTO claims VALUES (1495,3,4,'99213','2024-03-15','2024-03-18','2024-04-17',180,54.43,125.57,'Paid',NULL,30);
INSERT INTO claims VALUES (1496,6,3,'99213','2024-11-11','2024-11-13',NULL,180,0,0,'Pending',NULL,48);
INSERT INTO claims VALUES (1497,4,1,'99213','2024-12-20','2024-12-24',NULL,180,0,0,'Pending',NULL,7);
INSERT INTO claims VALUES (1498,6,4,'99213','2024-01-07','2024-01-09','2024-02-27',180,56.09,123.91,'Paid',NULL,49);
INSERT INTO claims VALUES (1499,8,4,'90791','2024-10-28','2024-11-02',NULL,320,0,0,'Pending',NULL,59);
INSERT INTO claims VALUES (1500,4,1,'93306','2024-12-15','2024-12-17',NULL,850,0,0,'Pending',NULL,14);
INSERT INTO claims VALUES (1501,2,1,'99396','2024-05-22','2024-05-25','2024-08-11',240,209.78,30.22,'Paid',NULL,78);
INSERT INTO claims VALUES (1502,5,1,'20610','2024-12-29','2024-12-30',NULL,320,0,0,'Pending',NULL,1);
INSERT INTO claims VALUES (1503,1,3,'99395','2024-09-08','2024-09-11',NULL,220,0,0,'Denied','Missing Documentation',111);
INSERT INTO claims VALUES (1504,4,3,'93000','2024-09-15','2024-09-19','2024-10-26',85,69.45,15.55,'Paid',NULL,37);
INSERT INTO claims VALUES (1505,6,1,'27447','2024-12-05','2024-12-08',NULL,8500,0,0,'Pending',NULL,23);
INSERT INTO claims VALUES (1506,8,4,'90834','2024-02-28','2024-03-03','2024-05-01',150,45.94,104.06,'Paid',NULL,59);
INSERT INTO claims VALUES (1507,4,3,'99213','2024-07-14','2024-07-18','2024-08-21',180,153.15,26.85,'Paid',NULL,34);
INSERT INTO claims VALUES (1508,1,4,'99395','2024-09-20','2024-09-24','2024-12-08',220,64.46,155.54,'Paid',NULL,75);
INSERT INTO claims VALUES (1509,4,1,'93000','2024-02-19','2024-02-24','2024-04-01',85,74.7,10.3,'Paid',NULL,37);
INSERT INTO claims VALUES (1510,4,3,'93306','2024-12-16','2024-12-17',NULL,850,0,0,'Pending',NULL,14);
INSERT INTO claims VALUES (1511,7,3,'90834','2024-12-17','2024-12-18',NULL,150,0,0,'Pending',NULL,13);
INSERT INTO claims VALUES (1512,2,1,'99214','2024-05-08','2024-05-09','2024-07-26',180,150.25,29.75,'Paid',NULL,78);
INSERT INTO claims VALUES (1513,5,3,'20610','2024-11-18','2024-11-22',NULL,320,0,0,'Pending',NULL,39);
INSERT INTO claims VALUES (1514,2,2,'99213','2024-10-26','2024-10-27','2024-12-11',120,88.02,31.98,'Paid',NULL,45);
INSERT INTO claims VALUES (1515,5,3,'29881','2024-11-06','2024-11-09','2024-12-17',2800,2297.73,502.27,'Paid',NULL,38);
INSERT INTO claims VALUES (1516,7,4,'90834','2024-08-30','2024-09-04','2024-10-21',150,46.54,103.46,'Paid',NULL,47);
INSERT INTO claims VALUES (1517,5,4,'27447','2024-06-01','2024-06-02','2024-07-28',8500,2574.77,5925.23,'Paid',NULL,56);
INSERT INTO claims VALUES (1518,2,1,'99396','2024-10-02','2024-10-03','2024-12-20',240,214.13,25.87,'Paid',NULL,78);
INSERT INTO claims VALUES (1519,6,1,'27447','2024-03-23','2024-03-25','2024-05-08',8500,7118.77,1381.23,'Paid',NULL,44);
INSERT INTO claims VALUES (1520,2,1,'99213','2024-10-08','2024-10-13','2024-12-24',120,106.05,13.95,'Paid',NULL,72);
INSERT INTO claims VALUES (1521,5,1,'20610','2024-06-18','2024-06-20','2024-08-14',320,267.36,52.64,'Paid',NULL,55);
INSERT INTO claims VALUES (1522,5,3,'27447','2024-06-11','2024-06-15','2024-08-18',8500,7174.3,1325.7,'Paid',NULL,64);
INSERT INTO claims VALUES (1523,3,2,'99213','2024-06-10','2024-06-12',NULL,180,0,0,'Denied','Patient Not Eligible',202);
INSERT INTO claims VALUES (1524,4,3,'93025','2024-05-21','2024-05-23','2024-07-12',420,339.95,80.05,'Paid',NULL,50);
INSERT INTO claims VALUES (1525,8,2,'90791','2024-06-05','2024-06-10',NULL,320,0,0,'Denied','Prior Authorization Required',204);
INSERT INTO claims VALUES (1526,5,3,'27447','2024-10-02','2024-10-05','2024-11-19',8500,7144.85,1355.15,'Paid',NULL,45);
INSERT INTO claims VALUES (1527,2,3,'99213','2024-10-24','2024-10-29',NULL,120,0,0,'Pending',NULL,63);
INSERT INTO claims VALUES (1528,5,3,'20610','2024-11-30','2024-12-03',NULL,320,0,0,'Pending',NULL,28);
INSERT INTO claims VALUES (1529,5,1,'99213','2024-07-22','2024-07-27',NULL,180,0,0,'Denied','Patient Not Eligible',157);
INSERT INTO claims VALUES (1530,3,3,'93306','2024-08-16','2024-08-18','2024-09-24',850,709.03,140.97,'Paid',NULL,37);
INSERT INTO claims VALUES (1531,3,3,'93025','2024-07-02','2024-07-04','2024-08-02',420,335.53,84.47,'Paid',NULL,29);
INSERT INTO claims VALUES (1532,5,2,'99213','2024-12-08','2024-12-13',NULL,180,0,0,'Pending',NULL,18);
INSERT INTO claims VALUES (1533,8,4,'90834','2024-01-21','2024-01-22','2024-03-19',150,45.24,104.76,'Paid',NULL,57);
INSERT INTO claims VALUES (1534,5,3,'29881','2024-10-23','2024-10-28',NULL,2800,0,0,'Pending',NULL,64);
INSERT INTO claims VALUES (1535,6,3,'99213','2024-09-21','2024-09-25','2024-11-13',180,143.63,36.37,'Paid',NULL,49);
INSERT INTO claims VALUES (1536,7,2,'90791','2024-09-06','2024-09-11',NULL,320,0,0,'Denied','Duplicate Claim',111);
INSERT INTO claims VALUES (1537,8,1,'90834','2024-09-20','2024-09-22','2024-11-15',150,124.05,25.95,'Paid',NULL,54);
INSERT INTO claims VALUES (1538,2,3,'99396','2024-06-18','2024-06-22','2024-08-11',240,198.0,42.0,'Paid',NULL,50);
INSERT INTO claims VALUES (1539,3,3,'93025','2024-01-12','2024-01-13','2024-02-24',420,351.52,68.48,'Paid',NULL,42);
INSERT INTO claims VALUES (1540,3,2,'93000','2024-10-20','2024-10-21','2024-11-26',85,65.68,19.32,'Paid',NULL,36);
INSERT INTO claims VALUES (1541,7,3,'90834','2024-12-04','2024-12-05',NULL,150,0,0,'Pending',NULL,26);
INSERT INTO claims VALUES (1542,8,4,'90837','2024-04-22','2024-04-27','2024-06-29',200,60.79,139.21,'Paid',NULL,63);
INSERT INTO claims VALUES (1543,3,2,'99213','2024-03-26','2024-03-30','2024-05-17',180,124.71,55.29,'Paid',NULL,48);
INSERT INTO claims VALUES (1544,7,2,'90834','2024-01-09','2024-01-14','2024-03-03',150,110.04,39.96,'Paid',NULL,49);
INSERT INTO claims VALUES (1545,7,4,'90834','2024-03-31','2024-04-05','2024-06-11',150,47.3,102.7,'Paid',NULL,67);
INSERT INTO claims VALUES (1546,2,1,'99214','2024-11-04','2024-11-05',NULL,180,0,0,'Pending',NULL,56);
INSERT INTO claims VALUES (1547,7,3,'90791','2024-01-23','2024-01-27','2024-04-06',320,274.92,45.08,'Paid',NULL,70);
INSERT INTO claims VALUES (1548,7,2,'90834','2024-08-05','2024-08-08','2024-09-22',150,106.22,43.78,'Paid',NULL,45);
INSERT INTO claims VALUES (1549,2,1,'99396','2024-05-11','2024-05-12','2024-07-06',240,215.22,24.78,'Paid',NULL,55);
INSERT INTO claims VALUES (1550,2,2,'99396','2024-12-01','2024-12-04',NULL,240,0,0,'Pending',NULL,27);
INSERT INTO claims VALUES (1551,7,3,'90791','2024-05-13','2024-05-17','2024-07-27',320,268.48,51.52,'Paid',NULL,71);
INSERT INTO claims VALUES (1552,7,4,'99213','2024-10-09','2024-10-13','2024-12-24',150,45.46,104.54,'Paid',NULL,72);
INSERT INTO claims VALUES (1553,8,2,'90791','2024-10-22','2024-10-26','2024-12-24',320,245.26,74.74,'Paid',NULL,59);
INSERT INTO claims VALUES (1554,2,3,'99396','2024-12-24','2024-12-25',NULL,240,0,0,'Pending',NULL,6);
INSERT INTO claims VALUES (1555,6,3,'99213','2024-03-23','2024-03-24','2024-05-20',180,155.04,24.96,'Paid',NULL,57);
INSERT INTO claims VALUES (1556,8,4,'99213','2024-02-15','2024-02-18','2024-03-30',150,42.7,107.3,'Paid',NULL,41);
INSERT INTO claims VALUES (1557,1,3,'99396','2024-11-10','2024-11-13',NULL,240,0,0,'Pending',NULL,48);
INSERT INTO claims VALUES (1558,3,3,'93025','2024-01-06','2024-01-11','2024-02-19',420,326.74,93.26,'Paid',NULL,39);
INSERT INTO claims VALUES (1559,4,2,'93000','2024-07-03','2024-07-04','2024-08-15',85,59.03,25.97,'Paid',NULL,42);
INSERT INTO claims VALUES (1560,5,3,'29881','2024-12-08','2024-12-12',NULL,2800,0,0,'Pending',NULL,19);
INSERT INTO claims VALUES (1561,2,4,'99395','2024-10-13','2024-10-16','2024-12-20',220,64.29,155.71,'Paid',NULL,65);
INSERT INTO claims VALUES (1562,4,1,'93025','2024-10-21','2024-10-24','2024-11-20',420,363.51,56.49,'Paid',NULL,27);
INSERT INTO claims VALUES (1563,2,2,'99395','2024-02-29','2024-03-03','2024-05-17',220,167.75,52.25,'Paid',NULL,75);
INSERT INTO claims VALUES (1564,5,3,'20610','2024-10-15','2024-10-17','2024-12-19',320,280.29,39.71,'Paid',NULL,63);
INSERT INTO claims VALUES (1565,8,3,'90834','2024-09-03','2024-09-06',NULL,150,0,0,'Denied','Duplicate Claim',116);
INSERT INTO claims VALUES (1566,4,3,'93025','2024-06-29','2024-07-04',NULL,420,0,0,'Denied','Timely Filing Exceeded',180);
INSERT INTO claims VALUES (1567,4,1,'93025','2024-12-10','2024-12-11',NULL,420,0,0,'Pending',NULL,20);
INSERT INTO claims VALUES (1568,6,2,'29881','2024-04-03','2024-04-07','2024-05-22',2800,1983.47,816.53,'Paid',NULL,45);
INSERT INTO claims VALUES (1569,4,3,'93306','2024-04-27','2024-04-29','2024-06-07',850,690.2,159.8,'Paid',NULL,39);
INSERT INTO claims VALUES (1570,2,1,'99213','2024-12-12','2024-12-17',NULL,120,0,0,'Denied','Prior Authorization Required',14);
INSERT INTO claims VALUES (1571,8,2,'90791','2024-09-09','2024-09-13',NULL,320,0,0,'Denied','Invalid Diagnosis Code',109);
INSERT INTO claims VALUES (1572,7,2,'90837','2024-01-28','2024-02-01','2024-04-11',200,147.4,52.6,'Paid',NULL,70);
INSERT INTO claims VALUES (1573,6,3,'27447','2024-08-22','2024-08-27','2024-10-06',8500,7201.04,1298.96,'Paid',NULL,40);
INSERT INTO claims VALUES (1574,1,3,'99396','2024-10-24','2024-10-27','2024-12-15',240,207.7,32.3,'Paid',NULL,49);
INSERT INTO claims VALUES (1575,3,2,'93306','2024-05-17','2024-05-22','2024-07-18',850,598.07,251.93,'Paid',NULL,57);
INSERT INTO claims VALUES (1576,7,2,'90791','2024-07-05','2024-07-08','2024-09-08',320,236.76,83.24,'Paid',NULL,62);
INSERT INTO claims VALUES (1577,4,3,'99213','2024-04-30','2024-05-04','2024-07-05',180,143.12,36.88,'Paid',NULL,62);
INSERT INTO claims VALUES (1578,3,1,'93000','2024-03-31','2024-04-04','2024-05-27',85,77.2,7.8,'Paid',NULL,53);
INSERT INTO claims VALUES (1579,6,3,'29881','2024-05-08','2024-05-13',NULL,2800,0,0,'Denied','Duplicate Claim',232);
INSERT INTO claims VALUES (1580,3,1,'99213','2024-08-31','2024-09-04','2024-10-07',180,150.89,29.11,'Paid',NULL,33);
INSERT INTO claims VALUES (1581,6,3,'29881','2024-06-25','2024-06-29','2024-08-02',2800,2424.78,375.22,'Paid',NULL,34);
INSERT INTO claims VALUES (1582,4,2,'93306','2024-05-25','2024-05-28','2024-07-16',850,622.23,227.77,'Paid',NULL,49);
INSERT INTO claims VALUES (1583,8,4,'99213','2024-11-10','2024-11-14',NULL,150,0,0,'Pending',NULL,47);
INSERT INTO claims VALUES (1584,3,3,'99213','2024-08-03','2024-08-04',NULL,180,0,0,'Denied','Missing Documentation',149);
INSERT INTO claims VALUES (1585,4,1,'99213','2024-12-29','2025-01-03',NULL,180,0,0,'Pending',NULL,-3);
INSERT INTO claims VALUES (1586,8,4,'90791','2024-10-27','2024-10-31',NULL,320,0,0,'Pending',NULL,61);
INSERT INTO claims VALUES (1587,1,1,'99214','2024-12-04','2024-12-05',NULL,180,0,0,'Pending',NULL,26);
INSERT INTO claims VALUES (1588,2,1,'99396','2024-10-07','2024-10-08','2024-11-23',240,208.19,31.81,'Paid',NULL,46);
INSERT INTO claims VALUES (1589,2,1,'99214','2024-02-13','2024-02-16','2024-04-23',180,160.39,19.61,'Paid',NULL,67);
INSERT INTO claims VALUES (1590,8,3,'90837','2024-09-26','2024-09-27',NULL,200,0,0,'Denied','Invalid Diagnosis Code',95);
INSERT INTO claims VALUES (1591,6,4,'20610','2024-10-03','2024-10-08','2024-11-27',320,102.03,217.97,'Paid',NULL,50);
INSERT INTO claims VALUES (1592,3,2,'93025','2024-11-19','2024-11-24',NULL,420,0,0,'Pending',NULL,37);
INSERT INTO claims VALUES (1593,6,3,'27447','2024-02-15','2024-02-18','2024-04-19',8500,6815.6,1684.4,'Paid',NULL,61);
INSERT INTO claims VALUES (1594,5,1,'27447','2024-06-25','2024-06-29','2024-08-19',8500,7527.0,973.0,'Paid',NULL,51);
INSERT INTO claims VALUES (1595,8,4,'99213','2024-06-02','2024-06-06','2024-07-13',150,45.68,104.32,'Paid',NULL,37);
INSERT INTO claims VALUES (1596,1,2,'99214','2024-07-29','2024-08-02','2024-10-19',180,126.3,53.7,'Paid',NULL,78);
INSERT INTO claims VALUES (1597,7,4,'90837','2024-05-14','2024-05-18','2024-06-29',200,60.29,139.71,'Paid',NULL,42);
INSERT INTO claims VALUES (1598,5,2,'29881','2024-07-30','2024-07-31','2024-09-14',2800,1997.82,802.18,'Paid',NULL,45);
INSERT INTO claims VALUES (1599,8,3,'90791','2024-12-24','2024-12-26',NULL,320,0,0,'Pending',NULL,5);
INSERT INTO claims VALUES (1600,1,1,'99213','2024-05-24','2024-05-26','2024-07-25',120,106.78,13.22,'Paid',NULL,60);
INSERT INTO claims VALUES (1601,4,1,'93000','2024-09-09','2024-09-12','2024-10-22',85,76.19,8.81,'Paid',NULL,40);
INSERT INTO claims VALUES (1602,8,4,'99213','2024-12-22','2024-12-25',NULL,150,0,0,'Pending',NULL,6);
INSERT INTO claims VALUES (1603,3,1,'93025','2024-02-06','2024-02-10','2024-04-11',420,381.56,38.44,'Paid',NULL,61);
INSERT INTO claims VALUES (1604,5,3,'99213','2024-03-03','2024-03-07','2024-04-24',180,147.81,32.19,'Paid',NULL,48);
INSERT INTO claims VALUES (1605,1,1,'99213','2024-09-23','2024-09-27','2024-11-22',120,109.89,10.11,'Paid',NULL,56);
INSERT INTO claims VALUES (1606,6,1,'99213','2024-10-08','2024-10-09','2024-12-14',180,158.42,21.58,'Paid',NULL,66);
INSERT INTO claims VALUES (1607,4,1,'93000','2024-12-07','2024-12-08',NULL,85,0,0,'Pending',NULL,23);
INSERT INTO claims VALUES (1608,1,1,'99395','2024-10-26','2024-10-30','2024-12-19',220,178.33,41.67,'Paid',NULL,50);
INSERT INTO claims VALUES (1609,1,2,'99396','2024-12-18','2024-12-21',NULL,240,0,0,'Pending',NULL,10);
INSERT INTO claims VALUES (1610,8,1,'90791','2024-11-16','2024-11-17','2024-12-27',320,264.51,55.49,'Paid',NULL,40);
INSERT INTO claims VALUES (1611,2,1,'99214','2024-06-11','2024-06-14','2024-08-31',180,154.45,25.55,'Paid',NULL,78);
INSERT INTO claims VALUES (1612,4,1,'93025','2024-07-02','2024-07-05','2024-08-09',420,362.53,57.47,'Paid',NULL,35);
INSERT INTO claims VALUES (1613,8,3,'99213','2024-04-07','2024-04-12','2024-05-30',150,127.76,22.24,'Paid',NULL,48);
INSERT INTO claims VALUES (1614,5,4,'27447','2024-02-05','2024-02-07','2024-04-13',8500,2661.06,5838.94,'Paid',NULL,66);
INSERT INTO claims VALUES (1615,6,3,'20610','2024-04-04','2024-04-09','2024-05-13',320,274.03,45.97,'Paid',NULL,34);
INSERT INTO claims VALUES (1616,4,1,'93000','2024-12-03','2024-12-07',NULL,85,0,0,'Pending',NULL,24);
INSERT INTO claims VALUES (1617,3,2,'99213','2024-07-28','2024-07-29',NULL,180,0,0,'Denied','Duplicate Claim',155);
INSERT INTO claims VALUES (1618,1,3,'99214','2024-04-01','2024-04-03','2024-05-18',180,143.03,36.97,'Paid',NULL,45);
INSERT INTO claims VALUES (1619,1,2,'99396','2024-12-02','2024-12-07',NULL,240,0,0,'Pending',NULL,24);
INSERT INTO claims VALUES (1620,1,1,'99213','2024-01-07','2024-01-11','2024-03-07',120,108.18,11.82,'Paid',NULL,56);
INSERT INTO claims VALUES (1621,8,4,'90834','2024-07-03','2024-07-07','2024-09-17',150,46.81,103.19,'Paid',NULL,72);
INSERT INTO claims VALUES (1622,1,3,'99395','2024-09-27','2024-09-28','2024-11-12',220,172.18,47.82,'Paid',NULL,45);
INSERT INTO claims VALUES (1623,4,4,'93000','2024-02-21','2024-02-26','2024-04-07',85,24.57,60.43,'Paid',NULL,41);
INSERT INTO claims VALUES (1624,4,2,'93306','2024-10-12','2024-10-16','2024-12-17',850,644.41,205.59,'Paid',NULL,62);
INSERT INTO claims VALUES (1625,6,3,'20610','2024-02-23','2024-02-25','2024-04-08',320,264.86,55.14,'Paid',NULL,43);
INSERT INTO claims VALUES (1626,3,2,'93025','2024-06-29','2024-07-04','2024-08-20',420,301.05,118.95,'Paid',NULL,47);
INSERT INTO claims VALUES (1627,6,3,'20610','2024-06-14','2024-06-19','2024-08-06',320,260.48,59.52,'Paid',NULL,48);
INSERT INTO claims VALUES (1628,5,2,'20610','2024-08-17','2024-08-18','2024-10-15',320,249.09,70.91,'Paid',NULL,58);
INSERT INTO claims VALUES (1629,1,2,'99395','2024-01-04','2024-01-06','2024-03-08',220,157.49,62.51,'Paid',NULL,62);
INSERT INTO claims VALUES (1630,5,4,'27447','2024-02-18','2024-02-22','2024-03-28',8500,2438.78,6061.22,'Paid',NULL,35);
INSERT INTO claims VALUES (1631,6,4,'27447','2024-04-29','2024-05-02','2024-06-20',8500,2524.09,5975.91,'Paid',NULL,49);
INSERT INTO claims VALUES (1632,4,3,'99213','2024-09-04','2024-09-08','2024-10-16',180,152.5,27.5,'Paid',NULL,38);
INSERT INTO claims VALUES (1633,2,2,'99395','2024-01-20','2024-01-21','2024-03-28',220,169.99,50.01,'Paid',NULL,67);
INSERT INTO claims VALUES (1634,6,2,'20610','2024-08-01','2024-08-03','2024-09-12',320,245.09,74.91,'Paid',NULL,40);
INSERT INTO claims VALUES (1635,1,3,'99396','2024-01-28','2024-02-02',NULL,240,0,0,'Denied','Invalid Diagnosis Code',333);
INSERT INTO claims VALUES (1636,6,3,'27447','2024-03-19','2024-03-23','2024-04-28',8500,7258.15,1241.85,'Paid',NULL,36);
INSERT INTO claims VALUES (1637,2,1,'99395','2024-07-20','2024-07-22','2024-09-12',220,189.67,30.33,'Paid',NULL,52);
INSERT INTO claims VALUES (1638,1,2,'99395','2024-02-13','2024-02-18','2024-04-26',220,165.38,54.62,'Paid',NULL,68);
INSERT INTO claims VALUES (1639,3,1,'93306','2024-09-06','2024-09-11','2024-11-02',850,745.97,104.03,'Paid',NULL,52);
INSERT INTO claims VALUES (1640,4,1,'99213','2024-08-08','2024-08-13','2024-09-29',180,159.08,20.92,'Paid',NULL,47);
INSERT INTO claims VALUES (1641,7,2,'90837','2024-06-13','2024-06-18','2024-08-16',200,151.69,48.31,'Paid',NULL,59);
INSERT INTO claims VALUES (1642,3,4,'93025','2024-11-15','2024-11-19','2024-12-25',420,131.47,288.53,'Paid',NULL,36);
INSERT INTO claims VALUES (1643,4,3,'93306','2024-02-13','2024-02-14','2024-03-19',850,713.98,136.02,'Paid',NULL,34);
INSERT INTO claims VALUES (1644,3,3,'99213','2024-01-08','2024-01-09','2024-02-26',180,148.35,31.65,'Paid',NULL,48);
INSERT INTO claims VALUES (1645,6,1,'27447','2024-04-14','2024-04-19','2024-06-25',8500,7396.59,1103.41,'Paid',NULL,67);
INSERT INTO claims VALUES (1646,3,3,'93000','2024-07-11','2024-07-12','2024-09-10',85,66.36,18.64,'Paid',NULL,60);
INSERT INTO claims VALUES (1647,4,3,'99213','2024-01-28','2024-01-29',NULL,180,0,0,'Denied','Timely Filing Exceeded',337);
INSERT INTO claims VALUES (1648,6,4,'99213','2024-05-29','2024-05-31','2024-07-27',180,54.2,125.8,'Paid',NULL,57);
INSERT INTO claims VALUES (1649,2,4,'99396','2024-11-01','2024-11-02',NULL,240,0,0,'Pending',NULL,59);
INSERT INTO claims VALUES (1650,8,3,'90834','2024-01-21','2024-01-26','2024-03-18',150,123.92,26.08,'Paid',NULL,52);
INSERT INTO claims VALUES (1651,3,1,'99213','2024-06-30','2024-07-02','2024-08-17',180,165.17,14.83,'Paid',NULL,46);
INSERT INTO claims VALUES (1652,5,3,'29881','2024-07-17','2024-07-22','2024-08-25',2800,2235.02,564.98,'Paid',NULL,34);
INSERT INTO claims VALUES (1653,6,4,'27447','2024-02-14','2024-02-19','2024-04-16',8500,2593.5,5906.5,'Paid',NULL,57);
INSERT INTO claims VALUES (1654,4,1,'93306','2024-08-06','2024-08-11','2024-09-26',850,739.04,110.96,'Paid',NULL,46);
INSERT INTO claims VALUES (1655,4,3,'93306','2024-03-11','2024-03-16','2024-05-01',850,696.84,153.16,'Paid',NULL,46);
INSERT INTO claims VALUES (1656,3,3,'93306','2024-06-11','2024-06-16','2024-07-17',850,722.82,127.18,'Paid',NULL,31);
INSERT INTO claims VALUES (1657,3,1,'93306','2024-01-16','2024-01-20','2024-03-07',850,716.63,133.37,'Paid',NULL,47);
INSERT INTO claims VALUES (1658,5,1,'27447','2024-02-24','2024-02-26',NULL,8500,0,0,'Denied','Timely Filing Exceeded',309);
INSERT INTO claims VALUES (1659,4,2,'93306','2024-12-17','2024-12-20',NULL,850,0,0,'Denied','Coordination of Benefits',11);
INSERT INTO claims VALUES (1660,3,1,'93025','2024-12-30','2025-01-01',NULL,420,0,0,'Pending',NULL,-1);
INSERT INTO claims VALUES (1661,3,1,'93306','2024-01-17','2024-01-18','2024-03-11',850,777.33,72.67,'Paid',NULL,53);
INSERT INTO claims VALUES (1662,4,3,'93306','2024-04-14','2024-04-16','2024-05-17',850,746.71,103.29,'Paid',NULL,31);
INSERT INTO claims VALUES (1663,8,3,'99213','2024-05-06','2024-05-10','2024-07-13',150,125.79,24.21,'Paid',NULL,64);
INSERT INTO claims VALUES (1664,7,4,'99213','2024-11-09','2024-11-14',NULL,150,0,0,'Pending',NULL,47);
INSERT INTO claims VALUES (1665,1,2,'99396','2024-08-21','2024-08-23','2024-10-07',240,173.62,66.38,'Paid',NULL,45);
INSERT INTO claims VALUES (1666,1,2,'99213','2024-04-07','2024-04-11','2024-06-11',120,85.79,34.21,'Paid',NULL,61);
INSERT INTO claims VALUES (1667,5,3,'20610','2024-05-30','2024-06-04','2024-07-10',320,263.47,56.53,'Paid',NULL,36);
INSERT INTO claims VALUES (1668,8,1,'90834','2024-04-02','2024-04-04','2024-06-14',150,126.8,23.2,'Paid',NULL,71);
INSERT INTO claims VALUES (1669,1,1,'99214','2024-08-20','2024-08-23','2024-10-10',180,158.62,21.38,'Paid',NULL,48);
INSERT INTO claims VALUES (1670,3,3,'93000','2024-02-16','2024-02-20','2024-03-25',85,66.59,18.41,'Paid',NULL,34);
INSERT INTO claims VALUES (1671,7,4,'90837','2024-07-12','2024-07-16',NULL,200,0,0,'Denied','Duplicate Claim',168);
INSERT INTO claims VALUES (1672,6,3,'27447','2024-03-24','2024-03-26','2024-05-07',8500,6628.46,1871.54,'Paid',NULL,42);
INSERT INTO claims VALUES (1673,5,2,'20610','2024-05-27','2024-05-28','2024-07-11',320,248.41,71.59,'Paid',NULL,44);
INSERT INTO claims VALUES (1674,1,3,'99395','2024-01-07','2024-01-11','2024-03-23',220,182.99,37.01,'Paid',NULL,72);
INSERT INTO claims VALUES (1675,1,3,'99396','2024-05-01','2024-05-06','2024-07-01',240,197.36,42.64,'Paid',NULL,56);
INSERT INTO claims VALUES (1676,8,1,'90834','2024-05-05','2024-05-08','2024-07-19',150,130.67,19.33,'Paid',NULL,72);
INSERT INTO claims VALUES (1677,4,1,'93306','2024-01-29','2024-01-30','2024-03-19',850,691.2,158.8,'Paid',NULL,49);
INSERT INTO claims VALUES (1678,5,2,'99213','2024-01-26','2024-01-30','2024-03-09',180,126.27,53.73,'Paid',NULL,39);
INSERT INTO claims VALUES (1679,5,3,'27447','2024-08-21','2024-08-22',NULL,8500,0,0,'Denied','Timely Filing Exceeded',131);
INSERT INTO claims VALUES (1680,6,2,'20610','2024-02-04','2024-02-09',NULL,320,0,0,'Denied','Coordination of Benefits',326);
INSERT INTO claims VALUES (1681,3,1,'99213','2024-06-17','2024-06-21','2024-08-20',180,159.56,20.44,'Paid',NULL,60);
INSERT INTO claims VALUES (1682,1,1,'99213','2024-09-04','2024-09-08','2024-11-08',120,101.34,18.66,'Paid',NULL,61);
INSERT INTO claims VALUES (1683,6,4,'20610','2024-09-23','2024-09-27','2024-11-30',320,100.97,219.03,'Paid',NULL,64);
INSERT INTO claims VALUES (1684,4,3,'93306','2024-01-01','2024-01-02','2024-02-05',850,729.75,120.25,'Paid',NULL,34);
INSERT INTO claims VALUES (1685,4,3,'93025','2024-07-30','2024-08-02','2024-08-31',420,361.0,59.0,'Paid',NULL,29);
INSERT INTO claims VALUES (1686,4,1,'93306','2024-12-19','2024-12-22',NULL,850,0,0,'Pending',NULL,9);
INSERT INTO claims VALUES (1687,6,3,'99213','2024-12-17','2024-12-20',NULL,180,0,0,'Pending',NULL,11);
INSERT INTO claims VALUES (1688,1,3,'99214','2024-06-18','2024-06-22','2024-08-25',180,154.55,25.45,'Paid',NULL,64);
INSERT INTO claims VALUES (1689,3,1,'93025','2024-10-01','2024-10-05','2024-11-22',420,359.23,60.77,'Paid',NULL,48);
INSERT INTO claims VALUES (1690,1,3,'99395','2024-10-16','2024-10-21','2024-12-23',220,175.21,44.79,'Paid',NULL,63);
INSERT INTO claims VALUES (1691,6,3,'29881','2024-02-03','2024-02-06','2024-03-19',2800,2268.6,531.4,'Paid',NULL,42);
INSERT INTO claims VALUES (1692,7,3,'90837','2024-10-19','2024-10-21','2024-12-21',200,173.14,26.86,'Paid',NULL,61);
INSERT INTO claims VALUES (1693,5,3,'29881','2024-12-29','2025-01-01',NULL,2800,0,0,'Pending',NULL,-1);
INSERT INTO claims VALUES (1694,4,1,'99213','2024-04-20','2024-04-23','2024-06-22',180,153.16,26.84,'Paid',NULL,60);
INSERT INTO claims VALUES (1695,1,3,'99213','2024-08-15','2024-08-16','2024-10-30',120,104.4,15.6,'Paid',NULL,75);
INSERT INTO claims VALUES (1696,3,1,'93025','2024-09-25','2024-09-28','2024-11-13',420,380.46,39.54,'Paid',NULL,46);
INSERT INTO claims VALUES (1697,3,1,'93000','2024-08-23','2024-08-28','2024-10-18',85,71.73,13.27,'Paid',NULL,51);
INSERT INTO claims VALUES (1698,1,3,'99213','2024-06-19','2024-06-20','2024-08-31',120,102.64,17.36,'Paid',NULL,72);
INSERT INTO claims VALUES (1699,5,1,'29881','2024-11-23','2024-11-26',NULL,2800,0,0,'Pending',NULL,35);
INSERT INTO claims VALUES (1700,6,3,'99213','2024-05-19','2024-05-21','2024-07-02',180,139.68,40.32,'Paid',NULL,42);
INSERT INTO claims VALUES (1701,2,1,'99395','2024-10-08','2024-10-11','2024-12-13',220,195.22,24.78,'Paid',NULL,63);
INSERT INTO claims VALUES (1702,5,3,'27447','2024-02-06','2024-02-11','2024-04-03',8500,7067.62,1432.38,'Paid',NULL,52);
INSERT INTO claims VALUES (1703,1,1,'99396','2024-12-11','2024-12-12',NULL,240,0,0,'Pending',NULL,19);
INSERT INTO claims VALUES (1704,7,1,'99213','2024-11-11','2024-11-14',NULL,150,0,0,'Pending',NULL,47);
INSERT INTO claims VALUES (1705,2,4,'99396','2024-10-17','2024-10-18','2024-12-08',240,76.06,163.94,'Paid',NULL,51);
INSERT INTO claims VALUES (1706,8,1,'90791','2024-12-16','2024-12-20',NULL,320,0,0,'Pending',NULL,11);
INSERT INTO claims VALUES (1707,5,4,'20610','2024-04-03','2024-04-06','2024-05-30',320,90.48,229.52,'Paid',NULL,54);
INSERT INTO claims VALUES (1708,8,1,'99213','2024-08-24','2024-08-27','2024-10-13',150,131.45,18.55,'Paid',NULL,47);
INSERT INTO claims VALUES (1709,3,1,'93025','2024-02-24','2024-02-29','2024-04-16',420,376.78,43.22,'Paid',NULL,47);
INSERT INTO claims VALUES (1710,8,2,'99213','2024-05-02','2024-05-07',NULL,150,0,0,'Denied','Patient Not Eligible',238);
INSERT INTO claims VALUES (1711,7,1,'90837','2024-12-21','2024-12-25',NULL,200,0,0,'Pending',NULL,6);
INSERT INTO claims VALUES (1712,4,1,'93000','2024-12-30','2024-12-31',NULL,85,0,0,'Pending',NULL,0);
INSERT INTO claims VALUES (1713,2,3,'99214','2024-06-06','2024-06-07','2024-08-14',180,152.42,27.58,'Paid',NULL,68);
INSERT INTO claims VALUES (1714,7,2,'90834','2024-02-16','2024-02-18','2024-04-08',150,115.64,34.36,'Paid',NULL,50);
INSERT INTO claims VALUES (1715,1,3,'99214','2024-08-19','2024-08-22','2024-11-07',180,150.38,29.62,'Paid',NULL,77);
INSERT INTO claims VALUES (1716,4,1,'99213','2024-06-02','2024-06-06','2024-07-22',180,163.91,16.09,'Paid',NULL,46);
INSERT INTO claims VALUES (1717,2,2,'99396','2024-03-06','2024-03-07','2024-05-07',240,177.07,62.93,'Paid',NULL,61);
INSERT INTO claims VALUES (1718,1,1,'99395','2024-02-26','2024-02-27','2024-04-28',220,195.17,24.83,'Paid',NULL,61);
INSERT INTO claims VALUES (1719,7,3,'99213','2024-07-26','2024-07-30','2024-09-29',150,126.65,23.35,'Paid',NULL,61);
INSERT INTO claims VALUES (1720,8,1,'99213','2024-07-03','2024-07-05','2024-09-06',150,135.89,14.11,'Paid',NULL,63);
INSERT INTO claims VALUES (1721,3,1,'93000','2024-11-27','2024-11-29','2024-12-27',85,73.38,11.62,'Paid',NULL,28);
INSERT INTO claims VALUES (1722,7,4,'90837','2024-02-13','2024-02-17','2024-04-02',200,63.18,136.82,'Paid',NULL,45);
INSERT INTO claims VALUES (1723,7,3,'99213','2024-09-17','2024-09-22','2024-11-25',150,122.25,27.75,'Paid',NULL,64);
INSERT INTO claims VALUES (1724,4,1,'93000','2024-10-22','2024-10-24','2024-12-21',85,71.34,13.66,'Paid',NULL,58);
INSERT INTO claims VALUES (1725,6,1,'99213','2024-10-17','2024-10-20','2024-12-22',180,155.3,24.7,'Paid',NULL,63);
INSERT INTO claims VALUES (1726,2,1,'99395','2024-08-26','2024-08-27','2024-11-11',220,192.93,27.07,'Paid',NULL,76);
INSERT INTO claims VALUES (1727,4,1,'93000','2024-12-16','2024-12-21',NULL,85,0,0,'Pending',NULL,10);
INSERT INTO claims VALUES (1728,6,3,'99213','2024-08-28','2024-09-02','2024-11-03',180,150.3,29.7,'Paid',NULL,62);
INSERT INTO claims VALUES (1729,6,3,'29881','2024-05-28','2024-05-29','2024-07-11',2800,2345.03,454.97,'Paid',NULL,43);
INSERT INTO claims VALUES (1730,5,3,'29881','2024-02-01','2024-02-06','2024-04-09',2800,2183.58,616.42,'Paid',NULL,63);
INSERT INTO claims VALUES (1731,5,3,'99213','2024-05-26','2024-05-27','2024-07-30',180,140.85,39.15,'Paid',NULL,64);
INSERT INTO claims VALUES (1732,5,1,'29881','2024-05-20','2024-05-21','2024-07-09',2800,2453.53,346.47,'Paid',NULL,49);
INSERT INTO claims VALUES (1733,3,3,'99213','2024-03-30','2024-04-01','2024-05-14',180,154.59,25.41,'Paid',NULL,43);
INSERT INTO claims VALUES (1734,1,1,'99213','2024-03-15','2024-03-19','2024-05-10',120,102.62,17.38,'Paid',NULL,52);
INSERT INTO claims VALUES (1735,7,2,'99213','2024-11-22','2024-11-24',NULL,150,0,0,'Pending',NULL,37);
INSERT INTO claims VALUES (1736,1,3,'99213','2024-01-27','2024-01-31','2024-03-24',120,96.75,23.25,'Paid',NULL,53);
INSERT INTO claims VALUES (1737,4,1,'93025','2024-08-30','2024-09-01','2024-10-14',420,360.19,59.81,'Paid',NULL,43);
INSERT INTO claims VALUES (1738,5,4,'20610','2024-07-14','2024-07-19','2024-09-10',320,90.62,229.38,'Paid',NULL,53);
INSERT INTO claims VALUES (1739,6,4,'20610','2024-11-08','2024-11-11','2024-12-31',320,99.97,220.03,'Paid',NULL,50);
INSERT INTO claims VALUES (1740,5,3,'20610','2024-08-24','2024-08-29','2024-10-16',320,265.38,54.62,'Paid',NULL,48);
INSERT INTO claims VALUES (1741,3,1,'93000','2024-12-10','2024-12-11',NULL,85,0,0,'Denied','Duplicate Claim',20);
INSERT INTO claims VALUES (1742,2,3,'99395','2024-04-22','2024-04-25','2024-06-25',220,170.92,49.08,'Paid',NULL,61);
INSERT INTO claims VALUES (1743,2,1,'99214','2024-11-02','2024-11-03','2024-12-23',180,157.74,22.26,'Paid',NULL,50);
INSERT INTO claims VALUES (1744,7,3,'90837','2024-02-26','2024-02-29','2024-04-17',200,168.83,31.17,'Paid',NULL,48);
INSERT INTO claims VALUES (1745,2,3,'99395','2024-08-06','2024-08-09','2024-10-11',220,172.09,47.91,'Paid',NULL,63);
INSERT INTO claims VALUES (1746,1,2,'99395','2024-01-31','2024-02-03','2024-04-02',220,152.44,67.56,'Paid',NULL,59);
INSERT INTO claims VALUES (1747,4,2,'93306','2024-11-26','2024-11-27',NULL,850,0,0,'Pending',NULL,34);
INSERT INTO claims VALUES (1748,4,2,'93000','2024-08-14','2024-08-15',NULL,85,0,0,'Denied','Duplicate Claim',138);
INSERT INTO claims VALUES (1749,5,3,'99213','2024-09-11','2024-09-12','2024-10-24',180,152.02,27.98,'Paid',NULL,42);
INSERT INTO claims VALUES (1750,5,1,'29881','2024-07-19','2024-07-24','2024-08-26',2800,2505.21,294.79,'Paid',NULL,33);
INSERT INTO claims VALUES (1751,8,2,'90834','2024-10-03','2024-10-04','2024-11-24',150,112.64,37.36,'Paid',NULL,51);
INSERT INTO claims VALUES (1752,8,1,'90791','2024-06-19','2024-06-23',NULL,320,0,0,'Denied','Prior Authorization Required',191);
INSERT INTO claims VALUES (1753,6,3,'29881','2024-02-11','2024-02-14','2024-04-16',2800,2220.54,579.46,'Paid',NULL,62);
INSERT INTO claims VALUES (1754,1,4,'99214','2024-06-02','2024-06-03','2024-08-09',180,53.17,126.83,'Paid',NULL,67);
INSERT INTO claims VALUES (1755,2,3,'99396','2024-04-07','2024-04-08','2024-05-29',240,204.1,35.9,'Paid',NULL,51);
INSERT INTO claims VALUES (1756,4,1,'93000','2024-10-03','2024-10-07','2024-11-22',85,76.64,8.36,'Paid',NULL,46);
INSERT INTO claims VALUES (1757,8,4,'90834','2024-01-19','2024-01-20','2024-03-18',150,46.39,103.61,'Paid',NULL,58);
INSERT INTO claims VALUES (1758,7,1,'99213','2024-12-13','2024-12-15',NULL,150,0,0,'Pending',NULL,16);
INSERT INTO claims VALUES (1759,2,1,'99214','2024-09-07','2024-09-11','2024-10-25',180,158.02,21.98,'Paid',NULL,44);
INSERT INTO claims VALUES (1760,4,3,'93306','2024-01-08','2024-01-09','2024-02-16',850,731.91,118.09,'Paid',NULL,38);
INSERT INTO claims VALUES (1761,2,2,'99214','2024-10-29','2024-10-30',NULL,180,0,0,'Denied','Patient Not Eligible',62);
INSERT INTO claims VALUES (1762,2,3,'99396','2024-06-21','2024-06-24','2024-08-31',240,203.19,36.81,'Paid',NULL,68);
INSERT INTO claims VALUES (1763,3,1,'93306','2024-01-24','2024-01-27',NULL,850,0,0,'Denied','Timely Filing Exceeded',339);
INSERT INTO claims VALUES (1764,3,3,'93306','2024-12-22','2024-12-27',NULL,850,0,0,'Pending',NULL,4);
INSERT INTO claims VALUES (1765,1,1,'99396','2024-03-21','2024-03-25','2024-05-08',240,194.5,45.5,'Paid',NULL,44);
INSERT INTO claims VALUES (1766,2,3,'99395','2024-08-01','2024-08-03','2024-10-15',220,185.23,34.77,'Paid',NULL,73);
INSERT INTO claims VALUES (1767,8,2,'90837','2024-11-08','2024-11-13',NULL,200,0,0,'Denied','Patient Not Eligible',48);
INSERT INTO claims VALUES (1768,2,3,'99395','2024-06-27','2024-06-28','2024-09-05',220,174.83,45.17,'Paid',NULL,69);
INSERT INTO claims VALUES (1769,2,3,'99214','2024-08-25','2024-08-28',NULL,180,0,0,'Denied','Duplicate Claim',125);
INSERT INTO claims VALUES (1770,3,3,'93025','2024-09-11','2024-09-13','2024-10-21',420,327.16,92.84,'Paid',NULL,38);
INSERT INTO claims VALUES (1771,6,2,'20610','2024-05-08','2024-05-13','2024-07-06',320,242.36,77.64,'Paid',NULL,54);
INSERT INTO claims VALUES (1772,1,1,'99213','2024-10-02','2024-10-04','2024-11-27',120,103.58,16.42,'Paid',NULL,54);
INSERT INTO claims VALUES (1773,2,1,'99214','2024-08-15','2024-08-19','2024-10-21',180,159.18,20.82,'Paid',NULL,63);
INSERT INTO claims VALUES (1774,6,1,'99213','2024-06-15','2024-06-16','2024-08-02',180,153.93,26.07,'Paid',NULL,47);
INSERT INTO claims VALUES (1775,4,1,'93306','2024-02-07','2024-02-12','2024-04-09',850,771.72,78.28,'Paid',NULL,57);
INSERT INTO claims VALUES (1776,3,1,'93025','2024-04-01','2024-04-04','2024-05-25',420,373.41,46.59,'Paid',NULL,51);
INSERT INTO claims VALUES (1777,6,4,'27447','2024-06-20','2024-06-21','2024-08-01',8500,2413.07,6086.93,'Paid',NULL,41);
INSERT INTO claims VALUES (1778,3,1,'93025','2024-08-22','2024-08-24','2024-10-16',420,350.23,69.77,'Paid',NULL,53);
INSERT INTO claims VALUES (1779,5,3,'27447','2024-10-22','2024-10-24',NULL,8500,0,0,'Denied','Coordination of Benefits',68);
INSERT INTO claims VALUES (1780,4,2,'93025','2024-05-22','2024-05-26','2024-06-22',420,297.98,122.02,'Paid',NULL,27);
INSERT INTO claims VALUES (1781,6,3,'27447','2024-10-29','2024-11-03','2024-12-15',8500,6957.39,1542.61,'Paid',NULL,42);
INSERT INTO claims VALUES (1782,1,1,'99396','2024-09-15','2024-09-19','2024-11-03',240,207.0,33.0,'Paid',NULL,45);
INSERT INTO claims VALUES (1783,2,2,'99214','2024-02-12','2024-02-13','2024-05-01',180,130.4,49.6,'Paid',NULL,78);
INSERT INTO claims VALUES (1784,4,1,'99213','2024-05-02','2024-05-03','2024-06-04',180,151.79,28.21,'Paid',NULL,32);
INSERT INTO claims VALUES (1785,8,4,'90834','2024-08-20','2024-08-22','2024-10-27',150,44.57,105.43,'Paid',NULL,66);
INSERT INTO claims VALUES (1786,6,3,'99213','2024-11-17','2024-11-21','2024-12-28',180,145.72,34.28,'Paid',NULL,37);
INSERT INTO claims VALUES (1787,1,1,'99395','2024-12-23','2024-12-28',NULL,220,0,0,'Pending',NULL,3);
INSERT INTO claims VALUES (1788,2,3,'99395','2024-01-29','2024-02-01','2024-04-16',220,172.95,47.05,'Paid',NULL,75);
INSERT INTO claims VALUES (1789,6,3,'99213','2024-07-06','2024-07-08','2024-09-02',180,152.79,27.21,'Paid',NULL,56);
INSERT INTO claims VALUES (1790,4,1,'99213','2024-05-02','2024-05-03','2024-07-03',180,160.38,19.62,'Paid',NULL,61);
INSERT INTO claims VALUES (1791,4,3,'93306','2024-06-13','2024-06-16','2024-08-04',850,696.2,153.8,'Paid',NULL,49);
INSERT INTO claims VALUES (1792,1,1,'99395','2024-08-19','2024-08-24','2024-11-06',220,181.09,38.91,'Paid',NULL,74);
INSERT INTO claims VALUES (1793,5,3,'29881','2024-12-10','2024-12-12',NULL,2800,0,0,'Pending',NULL,19);
INSERT INTO claims VALUES (1794,2,2,'99214','2024-05-27','2024-05-28','2024-07-14',180,125.44,54.56,'Paid',NULL,47);
INSERT INTO claims VALUES (1795,3,1,'93306','2024-09-23','2024-09-26','2024-10-24',850,752.2,97.8,'Paid',NULL,28);
INSERT INTO claims VALUES (1796,3,1,'93025','2024-08-15','2024-08-18','2024-09-15',420,341.05,78.95,'Paid',NULL,28);
INSERT INTO claims VALUES (1797,4,3,'99213','2024-07-29','2024-08-01','2024-09-18',180,152.05,27.95,'Paid',NULL,48);
INSERT INTO claims VALUES (1798,8,2,'90837','2024-06-05','2024-06-08','2024-07-25',200,144.24,55.76,'Paid',NULL,47);
INSERT INTO claims VALUES (1799,5,3,'99213','2024-03-16','2024-03-19','2024-05-13',180,142.55,37.45,'Paid',NULL,55);


-- ============================================================
-- SECTION 1: REVENUE SUMMARY BY SPECIALTY
-- ============================================================

-- Q1: Total charges, payments, and net collection rate by specialty
SELECT
    p.specialty,
    COUNT(c.claim_id) AS total_claims,
    ROUND(SUM(c.charge_amount), 2) AS total_charges,
    ROUND(SUM(c.payment_amount), 2) AS total_payments,
    ROUND(SUM(c.adjustment_amount), 2) AS total_adjustments,
    ROUND(SUM(c.payment_amount) 
    / NULLIF(SUM(c.charge_amount),0) * 100, 1) 
		AS net_collection_rate_pct
FROM claims c
JOIN providers p ON c.provider_id = p.provider_id
GROUP BY p.specialty
ORDER BY net_collection_rate_pct DESC;


-- Q2: Monthly revenue trend by specialty (2024)
SELECT
    p.specialty,
    DATE_FORMAT(c.service_date, '%Y-%m') AS service_month,
    COUNT(c.claim_id) AS claims,
    ROUND(SUM(c.charge_amount), 2) AS charges,
    ROUND(SUM(c.payment_amount), 2) AS payments
FROM claims c
JOIN providers p ON c.provider_id = p.provider_id
WHERE c.status = 'Paid'
GROUP BY p.specialty, service_month
ORDER BY p.specialty, service_month;


-- ============================================================
-- SECTION 2: DENIAL ANALYSIS
-- ============================================================

-- Q3: Denial rate by specialty and payer
SELECT
    p.specialty,
    py.payer_name,
    COUNT(c.claim_id) AS total_claims,
    SUM(CASE WHEN c.status = 'Denied' THEN 1 ELSE 0 END) AS denied_claims,
    ROUND(
        SUM(CASE WHEN c.status = 'Denied' THEN 1.0 ELSE 0 END)
        / COUNT(c.claim_id) * 100, 1) 
			AS denial_rate_pct,
    ROUND(SUM(CASE WHEN c.status='Denied' THEN c.charge_amount ELSE 0 END), 2) AS denied_charges
FROM claims c
JOIN providers p  ON c.provider_id = p.provider_id
JOIN payers   py  ON c.payer_id    = py.payer_id
GROUP BY p.specialty, py.payer_name
ORDER BY denial_rate_pct DESC;


-- Q4: Top denial reasons by specialty
SELECT
    p.specialty,
    c.denial_reason,
    COUNT(*) AS denial_count,
    ROUND(SUM(c.charge_amount), 2) AS denied_value,
    ROUND(
        COUNT(*) * 100.0 /
        SUM(COUNT(*)) OVER (PARTITION BY p.specialty), 1)
			AS pct_of_specialty_denials
FROM claims c
JOIN providers p ON c.provider_id = p.provider_id
WHERE c.status = 'Denied'
  AND c.denial_reason IS NOT NULL
GROUP BY p.specialty, c.denial_reason
ORDER BY p.specialty, denial_count DESC;


-- Q5: Denial trend by month
WITH monthly_denials AS (
    SELECT
        DATE_FORMAT(c.service_date, '%Y-%m') AS service_month,
        p.specialty,
        COUNT(c.claim_id) AS total_claims,
        SUM(CASE WHEN c.status='Denied' THEN 1 ELSE 0 END) AS denied_claims
    FROM claims c
    JOIN providers p ON c.provider_id = p.provider_id
    GROUP BY service_month, p.specialty
)
SELECT
    service_month,
    specialty,
    total_claims,
    denied_claims,
    ROUND(denied_claims * 100.0 / total_claims, 1) AS denial_rate_pct,
    ROUND(AVG(denied_claims * 100.0 / total_claims)
          OVER (PARTITION BY specialty
                ORDER BY service_month
                ROWS BETWEEN 2 PRECEDING AND CURRENT ROW), 1) AS rolling_3mo_avg
FROM monthly_denials
ORDER BY specialty, service_month;


-- ============================================================
-- SECTION 3: AR AGING ANALYSIS
-- ============================================================

-- Q6: AR aging buckets by specialty
SELECT
    p.specialty,
    COUNT(CASE WHEN c.ar_days BETWEEN 0  AND 30  THEN 1 END)  AS bucket_0_30,
    COUNT(CASE WHEN c.ar_days BETWEEN 31 AND 60  THEN 1 END)  AS bucket_31_60,
    COUNT(CASE WHEN c.ar_days BETWEEN 61 AND 90  THEN 1 END)  AS bucket_61_90,
    COUNT(CASE WHEN c.ar_days BETWEEN 91 AND 120 THEN 1 END)  AS bucket_91_120,
    COUNT(CASE WHEN c.ar_days > 120              THEN 1 END)  AS bucket_over_120,
    ROUND(AVG(c.ar_days), 1) AS avg_ar_days,
    ROUND(SUM(CASE WHEN c.ar_days > 90 THEN c.charge_amount - c.payment_amount ELSE 0 END), 2) AS ar_over_90_balance
FROM claims c
JOIN providers p ON c.provider_id = p.provider_id
WHERE c.status IN ('Pending', 'Denied')
GROUP BY p.specialty
ORDER BY avg_ar_days DESC;


-- Q7: Provider-level AR days ranking within specialty
WITH provider_ar AS (
    SELECT
        p.provider_id,
        p.provider_name,
        p.specialty,
        COUNT(c.claim_id) AS claim_count,
        ROUND(AVG(c.ar_days), 1) AS avg_ar_days,
        ROUND(SUM(c.charge_amount - c.payment_amount), 2) AS outstanding_balance
    FROM claims c
    JOIN providers p ON c.provider_id = p.provider_id
    GROUP BY p.provider_id, p.provider_name, p.specialty
)
SELECT
    specialty,
    provider_name,
    claim_count,
    avg_ar_days,
    outstanding_balance,
    RANK() OVER (PARTITION BY specialty ORDER BY avg_ar_days DESC) AS ar_rank_within_specialty
FROM provider_ar
ORDER BY specialty, ar_rank_within_specialty;


-- ============================================================
-- SECTION 4: PAYER MIX AND COLLECTION ANALYSIS
-- ============================================================

-- Q8: Payer mix and collection performance by specialty
SELECT
    p.specialty,
    py.payer_name,
    COUNT(c.claim_id) AS claims,
    ROUND(COUNT(c.claim_id) * 100.0 /
          SUM(COUNT(c.claim_id)) OVER (PARTITION BY p.specialty), 1) AS payer_mix_pct,
    ROUND(SUM(c.charge_amount), 2) AS total_charges,
    ROUND(SUM(c.payment_amount), 2) AS total_collected,
    ROUND(SUM(c.payment_amount) /
          NULLIF(SUM(c.charge_amount),0) * 100, 1) 
			AS collection_rate_pct
FROM claims c
JOIN providers p  ON c.provider_id = p.provider_id
JOIN payers   py  ON c.payer_id    = py.payer_id
GROUP BY p.specialty, py.payer_name
ORDER BY p.specialty, claims DESC;


-- Q9: Running total of payments by month (cash flow view)
WITH monthly_payments AS (
    SELECT
        DATE_FORMAT(c.payment_date, '%Y-%m') AS payment_month,
        ROUND(SUM(c.payment_amount), 2) AS monthly_collected
    FROM claims c
    WHERE c.status = 'Paid'
      AND c.payment_date IS NOT NULL
    GROUP BY payment_month
)
SELECT
    payment_month,
    monthly_collected,
    ROUND(SUM(monthly_collected)
          OVER (ORDER BY payment_month
                ROWS BETWEEN UNBOUNDED PRECEDING AND CURRENT ROW), 2) AS ytd_collected
FROM monthly_payments
ORDER BY payment_month;


-- ============================================================
-- SECTION 5: PROCEDURE-LEVEL ANALYSIS
-- ============================================================

-- Q10: Top procedures by revenue and volume
SELECT
    pr.proc_code,
    pr.description,
    p.specialty,
    COUNT(c.claim_id) AS times_billed,
    ROUND(SUM(c.charge_amount), 2) AS total_charges,
    ROUND(SUM(c.payment_amount), 2) AS total_collected,
    ROUND(AVG(c.payment_amount), 2) AS avg_payment,
    ROUND(SUM(c.payment_amount) /
          NULLIF(SUM(c.charge_amount),0) * 100, 1)             
			AS collection_rate_pct,
    SUM(CASE WHEN c.status='Denied' THEN 1 ELSE 0 END) AS denials
FROM claims c
JOIN providers  p  ON c.provider_id = p.provider_id
JOIN procedures pr ON c.proc_code   = pr.proc_code
GROUP BY pr.proc_code, pr.description, p.specialty
HAVING times_billed >= 5
ORDER BY total_collected DESC
LIMIT 15;


-- ============================================================
-- SECTION 6: EXECUTIVE SUMMARY KPIs
-- ============================================================

-- Q11: Single-query executive KPI summary
SELECT
    COUNT(claim_id) AS total_claims,
    ROUND(SUM(charge_amount), 2) AS gross_charges,
    ROUND(SUM(payment_amount), 2) AS total_collected,
    ROUND(SUM(adjustment_amount), 2) AS total_adjustments,
	ROUND(SUM(charge_amount) 
        - SUM(payment_amount) 
        - SUM(adjustment_amount), 2) 
			AS outstanding_ar,
	ROUND(SUM(payment_amount) 
        / NULLIF(SUM(charge_amount),0) * 100, 1) 
			AS net_collection_rate_pct,
	ROUND(SUM(CASE WHEN status='Denied' THEN 1.0 ELSE 0 END)
        / COUNT(claim_id) * 100, 1) 
			AS overall_denial_rate_pct,
    ROUND(AVG(ar_days), 1) AS avg_ar_days,
    COUNT(CASE WHEN status='Pending' THEN 1 END) AS pending_claims,
    COUNT(CASE WHEN status='Denied'  THEN 1 END) AS denied_claims
FROM claims;


-- Q12: Provider scorecard - collection rate, denial rate, AR days ranked
WITH provider_stats AS (
    SELECT
        p.provider_id,
        p.provider_name,
        p.specialty,
        COUNT(c.claim_id) AS total_claims,
        ROUND(SUM(c.charge_amount), 2) AS gross_charges,
        ROUND(SUM(c.payment_amount), 2) AS total_collected,
        ROUND(SUM(c.payment_amount) /
              NULLIF(SUM(c.charge_amount),0) * 100, 1) AS collection_rate_pct,
        ROUND(SUM(CASE WHEN c.status='Denied' THEN 1.0 ELSE 0 END) /
              COUNT(c.claim_id) * 100, 1) AS denial_rate_pct,
        ROUND(AVG(c.ar_days), 1) AS avg_ar_days
    FROM claims c
    JOIN providers p ON c.provider_id = p.provider_id
    GROUP BY p.provider_id, p.provider_name, p.specialty
)
SELECT
    provider_name,
    specialty,
    total_claims,
    gross_charges,
    total_collected,
    collection_rate_pct,
    denial_rate_pct,
    avg_ar_days,
    RANK() OVER (ORDER BY collection_rate_pct DESC) AS collection_rank,
    RANK() OVER (ORDER BY denial_rate_pct ASC) AS denial_rank,
    RANK() OVER (ORDER BY avg_ar_days ASC) AS ar_rank
FROM provider_stats
ORDER BY collection_rank;


SET FOREIGN_KEY_CHECKS = 1;